longitude,latitude,month,severity,ndvi,evi,lai,fpar,elevation,relative_humidity,dew_point,surface_pressure,cloud_cover,wind_speed,soil_temperature,soil_moisture,direct_radiation,weather_code,temperature,precipitation,evapotranspiration
86.33588216329578,26.364986008203857,12,0,4123,2252,3,30,57.0,78.02326202392578,11.50149917602539,1008.7879028320312,65.54166412353516,6.900421142578125,16.42650032043457,0.24541665613651276,88.29166412353516,3.0,15.530667304992676,0.0,2.065145969390869
68.73804499543398,23.781018126423678,12,0,3015,1840,4,35,15.0,38.54481887817383,6.433833599090576,1012.0795288085938,23.20833396911621,11.573023796081543,23.38591766357422,0.023000000044703484,128.3333282470703,3.0,22.144248962402344,0.0,4.786738872528076
74.30084753307945,25.821118330944,6,0,3412,2486,3,15,480.0,60.422611236572266,22.446496963500977,947.814697265625,46.41666793823242,18.05595588684082,33.68400192260742,0.15587499737739563,142.6666717529297,53.0,31.319414138793945,0.8999999761581421,6.589106559753418
76.7340259136283,10.320334544534875,12,0,7923,2993,33,81,824.0,76.74175262451172,16.97608184814453,921.1179809570312,68.0,14.820481300354004,20.871915817260742,0.4776249825954437,129.0416717529297,51.0,21.344833374023438,0.6000000238418579,3.55055832862854
72.56442333049584,23.364243207366837,12,0,6035,3665,12,61,87.0,71.51993560791016,14.752833366394043,1000.76904296875,18.79166603088379,6.920960903167725,21.719499588012695,0.19616667926311493,115.70833587646484,2.0,20.738248825073242,0.0,2.950227737426758
77.0168874440226,26.441845861659406,6,0,3970,2782,6,28,281.0,48.12568664550781,20.095251083374023,969.5221557617188,38.0,10.006255149841309,35.211917877197266,0.14287500083446503,130.3333282470703,2.0,32.85358428955078,0.0,6.251641273498535
74.80382728015891,35.13837852186513,9,0,2811,1332,2,11,2621.0,39.2153434753418,0.3679170608520508,748.5529174804688,14.541666984558105,4.153019905090332,14.970001220703125,0.24833333492279053,224.125,51.0,14.83458423614502,0.10000000149011612,4.257791042327881
75.02744759645987,34.56712228414914,10,0,2364,1299,3,16,2826.0,54.74924850463867,-1.4371665716171265,731.3366088867188,10.458333015441895,4.3686065673828125,7.700334072113037,0.30933332443237305,205.25,51.0,8.0711669921875,0.10000000149011612,3.338402032852173
77.49264757660819,26.769296022680255,11,0,2782,1609,4,24,206.0,70.25660705566406,16.58158302307129,991.8347778320312,13.458333015441895,5.03537130355835,24.596166610717773,0.16166667640209198,116.70833587646484,51.0,22.981584548950195,0.7000000476837158,3.0434420108795166
78.30984994059374,27.259264731225255,9,0,5074,3512,6,29,169.0,77.10504150390625,24.219833374023438,987.8684692382812,13.0,4.237743377685547,30.451082229614258,0.2943333387374878,154.75,51.0,28.884416580200195,0.10000000149011612,4.166999816894531
76.84877520496347,27.267298233835465,8,0,6411,5211,16,55,250.0,81.21781158447266,24.41583251953125,972.653076171875,97.54166412353516,11.178437232971191,29.39499855041504,0.3735833466053009,96.54166412353516,65.0,28.032499313354492,18.5,3.981276512145996
96.5459045909689,27.842545926779437,1,0,7845,3870,28,86,2376.0,84.36104583740234,-3.0341663360595703,764.1559448242188,56.70833206176758,3.1430671215057373,0.29916664958000183,0.32758334279060364,94.66666412353516,75.0,-0.6154167652130127,2.200000047683716,1.6406596899032593
71.61857576985511,25.601861876032228,11,0,2153,1539,3,23,132.0,44.305057525634766,6.995584011077881,997.6852416992188,9.25,14.908641815185547,22.8435001373291,0.030291667208075523,132.5416717529297,2.0,20.283082962036133,0.0,4.799219608306885
74.86764418419472,27.200733395915076,8,0,6129,4962,6,29,406.0,78.28736114501953,24.43666648864746,957.2349243164062,84.25,9.58901309967041,30.442916870117188,0.2523750066757202,87.45833587646484,51.0,28.71791648864746,0.4000000059604645,4.158992290496826
73.02558839995362,25.002197727382736,7,0,4600,3008,2,14,332.0,73.64725494384766,24.474166870117188,965.2794799804688,69.45833587646484,8.72856616973877,32.70750045776367,0.23741666972637177,118.70833587646484,61.0,29.922080993652344,3.299999952316284,4.765407085418701
78.12339707330005,27.702722723345346,4,0,2429,1535,3,16,180.0,49.16340255737305,13.725499153137207,985.6640625,13.75,6.984439849853516,27.488000869750977,0.23354166746139526,170.0416717529297,3.0,26.054670333862305,0.0,5.668491840362549
73.93833835708901,27.10360120287936,7,0,1750,863,2,12,315.0,58.56117630004883,23.46441650390625,967.019775390625,81.625,11.900745391845703,34.77691650390625,0.25216665863990784,126.375,3.0,33.16025161743164,0.0,6.344766139984131
74.0659361699645,25.18617492639912,6,0,2501,1593,4,18,525.0,29.9201717376709,10.863750457763672,944.3709106445312,0.75,14.376286506652832,36.42625045776367,0.13250000774860382,206.0833282470703,0.0,33.461666107177734,0.0,9.39240837097168
74.38128103612163,25.66393605153062,5,0,2415,1547,4,21,488.0,26.251375198364258,9.62458324432373,954.0896606445312,5.083333492279053,11.16014575958252,34.94124984741211,0.13312500715255737,181.3333282470703,1.0,32.72666549682617,0.0,8.44853401184082
76.22725485407418,27.154213315071825,2,0,2843,1301,3,27,382.0,61.28439712524414,6.472750186920166,974.1754760742188,18.79166603088379,8.02576732635498,17.720666885375977,0.19054166972637177,141.2083282470703,3.0,15.524836540222168,0.0,3.1628458499908447
77.70116980702221,11.97450926537278,4,0,4573,2079,12,41,408.0,37.06905746459961,12.147334098815918,964.9909057617188,36.16666793823242,5.3440327644348145,31.136917114257812,0.05708332732319832,253.2083282470703,3.0,29.443166732788086,0.0,6.4384050369262695
74.79192383683126,28.508237445183454,7,0,1290,853,2,13,257.0,61.28379440307617,22.519250869750977,970.7389526367188,41.33333206176758,18.246713638305664,34.02341842651367,0.04454166814684868,86.58333587646484,53.0,31.41716957092285,2.0,6.016923904418945
73.42115728677156,36.5655831265946,12,0,154,154,1,9,3452.0,66.95052337646484,-16.69325065612793,662.875,95.75,3.088167905807495,0.6025833487510681,0.5115833282470703,9.791666984558105,73.0,-11.782833099365234,0.0,0.5129003524780273
77.96415214411157,26.958292077232887,3,0,3419,2154,8,36,168.0,47.49821853637695,13.526333808898926,991.344970703125,65.54166412353516,7.640590190887451,27.507583618164062,0.15329165756702423,153.7916717529297,3.0,26.453414916992188,0.0,5.386819839477539
77.09695226706904,8.509327291126127,7,0,8091,6808,53,86,63.0,89.57901763916016,24.35491943359375,1002.7666625976562,84.54166412353516,8.616033554077148,27.10700035095215,0.5059583187103271,110.95833587646484,55.0,26.27158546447754,8.59999942779541,3.435690402984619
76.38621945059596,28.16572128252828,5,0,2468,1436,5,22,347.0,33.98653793334961,14.529250144958496,962.708740234375,8.375,12.093903541564941,37.312583923339844,0.1417916715145111,147.0,2.0,35.05216598510742,0.0,8.037885665893555
71.49870107204377,24.58764302019051,9,0,4850,3162,22,66,31.0,55.65901184082031,21.193750381469727,999.3551635742188,27.125,21.156890869140625,34.50833511352539,0.13625000417232513,178.4166717529297,3.0,31.98124885559082,0.0,7.791366100311279
85.98787558020776,24.034206947889437,3,0,3685,1939,5,28,299.0,37.92176055908203,8.910083770751953,981.5696411132812,40.875,9.762462615966797,26.768417358398438,0.10449999570846558,186.8333282470703,3.0,25.2746639251709,0.0,6.0679473876953125
71.68220356781724,24.154032145965058,11,0,4111,2609,5,31,52.0,43.789119720458984,8.765250205993652,1009.7448120117188,0.0,8.135436058044434,23.529836654663086,0.14000000059604645,141.5833282470703,0.0,22.26941680908203,0.0,4.26312780380249
71.55424302635573,26.207518017407043,11,0,2063,1524,3,17,223.0,35.60190963745117,5.150749683380127,990.919921875,47.625,13.607693672180176,23.54866600036621,0.028999999165534973,114.29166412353516,3.0,21.911165237426758,0.0,5.260834217071533
73.83944633028717,28.10179457106675,3,0,1675,1190,2,11,246.0,38.15446090698242,5.4033331871032715,984.881591796875,17.04166603088379,15.910624504089355,23.64708137512207,0.02916666865348816,165.9166717529297,1.0,20.85125160217285,0.0,6.0120697021484375
85.74635174893218,25.99059346804245,3,0,7148,4725,14,59,48.0,79.02564239501953,17.071001052856445,1005.6492309570312,27.70833396911621,6.6748433113098145,21.49391746520996,0.24424999952316284,137.5416717529297,53.0,21.12516975402832,0.6000000238418579,3.4210045337677
73.89759915178162,27.657454418328523,12,0,2384,1516,2,20,308.0,40.47045135498047,1.9285832643508911,981.0828247070312,45.625,11.414090156555176,17.701499938964844,0.030583331361413002,98.08333587646484,3.0,17.528581619262695,0.0,3.7718281745910645
76.71529020733225,26.423767540058197,8,0,3742,3017,6,27,285.0,91.65447998046875,25.49216651916504,964.3286743164062,98.20833587646484,6.326928615570068,27.956750869750977,0.40962502360343933,14.375,65.0,27.03175163269043,22.300004959106445,2.087989568710327
73.35918464293275,26.569644728000597,11,0,3295,2225,5,28,305.0,59.36239242553711,15.612833976745605,979.8646850585938,81.20833587646484,7.815582275390625,25.329500198364258,0.18599998950958252,77.79166412353516,3.0,24.625333786010742,0.0,3.3895628452301025
74.191718050981,29.04698153356964,12,0,1340,848,1,10,199.0,52.4204216003418,-1.190083384513855,993.6117553710938,0.0,8.733924865722656,10.766166687011719,0.041749998927116394,107.95833587646484,0.0,9.462000846862793,0.0,2.4830336570739746
91.35953819750112,26.3826895335067,12,0,3943,1556,8,37,46.0,79.51651000976562,12.184249877929688,1009.69873046875,38.66666793823242,9.13004207611084,17.650917053222656,0.3462916612625122,93.66666412353516,61.0,16.175918579101562,2.3999998569488525,2.2690353393554688
71.38028336652076,24.2060060745217,2,0,3619,2330,5,30,15.0,27.39533805847168,1.813499927520752,1012.267578125,67.375,10.824601173400879,23.75933265686035,0.15270833671092987,162.2083282470703,3.0,22.271833419799805,0.0,5.93826150894165
86.85264069522468,25.865004401155744,3,0,7013,4463,27,80,43.0,43.00620651245117,11.774500846862793,1007.5559692382812,40.08333206176758,8.763957023620605,25.999502182006836,0.1537083238363266,167.625,3.0,25.8786678314209,0.0,5.635730266571045
74.50164834280581,33.87803366027463,5,0,4874,2265,10,42,3330.0,56.7551383972168,0.18666665256023407,686.55517578125,14.416666984558105,4.54171895980835,9.309582710266113,0.36741670966148376,240.7083282470703,51.0,8.447083473205566,0.4000000059604645,4.441810131072998
92.81980122504197,12.922907741066787,9,0,7483,5420,32,71,52.0,83.8497085571289,23.84633445739746,1004.3432006835938,92.70833587646484,8.665337562561035,27.360916137695312,0.23783332109451294,153.9166717529297,53.0,26.88591766357422,2.999999761581421,4.090068817138672
72.3899188485132,24.67297373340691,4,0,2062,1392,3,14,398.0,32.4756965637207,10.775917053222656,963.0258178710938,0.875,8.519363403320312,31.99049949645996,0.14287500083446503,202.75,0.0,30.571748733520508,0.0,7.222161293029785
85.19852716602566,26.705164804927808,2,0,6551,4499,11,53,68.0,71.08692932128906,14.296501159667969,1006.5748901367188,8.75,7.209800720214844,19.929834365844727,0.17737500369548798,128.4583282470703,1.0,20.315248489379883,0.0,3.3612852096557617
73.79274521788555,34.79677198743913,11,0,-451,-262,1,9,4065.0,28.543006896972656,-16.42024803161621,630.3765258789062,47.08333206176758,3.4358327388763428,-2.6119167804718018,0.3449583351612091,121.5,3.0,0.35891661047935486,0.0,2.118459463119507
87.58104581283835,25.768044683663877,4,0,6471,4770,10,44,40.0,76.02688598632812,21.072500228881836,1004.3486328125,71.5,7.961973667144775,28.141250610351562,0.23520831763744354,81.79166412353516,63.0,25.978750228881836,11.300000190734863,3.3426780700683594
74.54124919159158,14.67654795620785,5,0,6860,4878,24,60,48.0,96.795166015625,25.1617488861084,1001.671142578125,93.41666412353516,12.8077392578125,26.37424659729004,0.5123750567436218,58.91666793823242,63.0,25.730499267578125,30.39999771118164,2.3215320110321045
88.16566910959793,27.270941776927373,12,0,7589,4235,13,61,1318.0,66.9171142578125,3.981750249862671,868.287353515625,8.958333015441895,3.5132863521575928,8.39424991607666,0.39233335852622986,142.4166717529297,51.0,9.942166328430176,0.10000000149011612,2.286452054977417
74.65097906250048,27.02668335258397,4,0,2059,1339,2,12,399.0,16.85740852355957,2.9723331928253174,960.458251953125,18.125,13.253846168518066,34.28066635131836,0.05400000140070915,194.9166717529297,3.0,31.764001846313477,0.0,9.075654029846191
75.32011913891826,29.160534214312477,10,0,3500,2273,1,6,206.0,53.93952560424805,17.446334838867188,984.0451049804688,0.0,9.29185962677002,32.8067512512207,0.023458331823349,155.7916717529297,0.0,28.723413467407227,0.0,5.340874671936035
74.91955998349168,34.59609511425712,1,0,396,354,2,20,2555.0,61.943111419677734,-9.376832962036133,744.8353881835938,71.04166412353516,4.31758451461792,4.093999862670898,0.31200000643730164,110.79166412353516,73.0,-3.0080833435058594,0.0,1.2693264484405518
75.3623889175161,13.399493040775617,6,0,7676,4197,3,12,681.0,86.234375,21.03641700744629,933.5538940429688,94.91666412353516,4.989584445953369,23.97599983215332,0.4528333246707916,105.41666412353516,63.0,23.77391815185547,4.400000095367432,3.8503122329711914
73.1758428618417,26.85898997683618,10,0,4855,3372,9,46,286.0,55.71443176269531,17.19550132751465,978.96728515625,79.375,8.3490629196167,30.016332626342773,0.030249997973442078,31.5,3.0,27.28925323486328,0.0,3.234414577484131
71.21831500164544,25.950103137026918,2,0,1708,974,2,15,229.0,30.652841567993164,0.6069999933242798,988.6233520507812,41.58333206176758,10.010835647583008,22.427833557128906,0.027000000700354576,160.6666717529297,3.0,20.64866828918457,0.0,5.252532958984375
78.49777669248243,11.455256435586563,1,0,3829,2032,7,40,302.0,76.78428649902344,17.835664749145508,979.4151000976562,24.20833396911621,9.254240989685059,23.03566551208496,0.2068750113248825,167.5833282470703,1.0,22.7481632232666,0.0,4.078928470611572
93.05872937962398,12.174830755664948,10,0,8070,5239,59,89,86.0,87.77950286865234,23.658334732055664,994.534423828125,99.83333587646484,20.076000213623047,26.76666831970215,0.29649999737739563,28.70833396911621,63.0,25.847917556762695,11.89999771118164,2.537301778793335
73.44691891915602,26.34863079536137,5,0,1928,1383,3,13,246.0,35.60859680175781,15.79083251953125,974.2424926757812,5.25,14.111893653869629,37.78666687011719,0.13199999928474426,155.7083282470703,2.0,34.7137565612793,0.0,8.304609298706055
74.03725151664582,27.822854920166453,7,0,1455,1005,2,12,326.0,43.79011535644531,19.3891658782959,965.0394897460938,4.583333492279053,21.02935028076172,38.00166702270508,0.028624998405575752,151.375,0.0,33.83708572387695,0.0,9.037586212158203
75.04118256396553,22.358634690067607,3,0,3914,2414,6,38,291.0,32.92874526977539,8.902499198913574,976.8355102539062,91.95833587646484,8.436628341674805,28.694168090820312,0.11129166930913925,74.08333587646484,51.0,27.42125129699707,0.10000000149011612,5.298485279083252
77.01096652346604,26.239606641180448,7,0,4952,3806,11,47,349.0,76.14752197265625,25.289499282836914,960.0001831054688,72.625,4.777978897094727,31.964502334594727,0.3032499849796295,157.7083282470703,61.0,30.11658477783203,4.099999904632568,4.877954006195068
75.68067259252759,27.05111901417735,4,0,3897,2522,7,40,448.0,11.167616844177246,-4.63866662979126,959.59765625,7.791666507720947,12.746559143066406,31.596750259399414,0.13699999451637268,210.0416717529297,2.0,29.917587280273438,0.0,9.028813362121582
74.97279610107775,28.66891591418107,7,0,1315,886,2,13,227.0,77.67147064208984,24.85666847229004,975.8434448242188,29.25,10.86417293548584,31.41083335876465,0.09358333796262741,117.625,51.0,29.32958221435547,0.10000000149011612,4.798771858215332
72.6879578330343,23.72242065683013,10,0,7236,5086,15,66,153.0,48.24501419067383,15.59283447265625,991.4465942382812,0.0,6.260213851928711,29.344919204711914,0.15562500059604645,170.9166717529297,0.0,28.62200355529785,0.0,4.81156587600708
88.74783566242581,23.029064871925588,7,0,5844,3521,13,48,12.0,91.23799896240234,25.65366554260254,999.9054565429688,93.33333587646484,8.063750267028809,27.77866554260254,0.421875,28.33333396911621,63.0,27.2515811920166,12.80000114440918,2.0939736366271973
75.83151496218069,26.46518608415786,11,0,4903,3266,5,28,313.0,62.55644607543945,9.161499977111816,976.3158569335938,0.0,5.810752868652344,17.15108299255371,0.3622500002384186,130.9166717529297,0.0,16.92191505432129,0.0,2.9305953979492188
78.23584261002192,27.47612055421384,1,0,1806,1502,10,57,172.0,84.13418579101562,8.964332580566406,998.6609497070312,36.75,6.480471134185791,13.78308391571045,0.2718333303928375,81.66666412353516,3.0,11.82266902923584,0.0,1.8685423135757446
77.30700663953074,26.825665053139566,12,0,2804,1594,3,22,249.0,81.18754577636719,11.944165229797363,989.19140625,83.79166412353516,6.8599700927734375,16.467082977294922,0.22845833003520966,78.16666412353516,51.0,15.34000015258789,0.10000000149011612,1.9557156562805176
73.37204759244824,26.954506757200555,4,0,1538,1030,2,13,308.0,27.990447998046875,6.1174163818359375,975.9494018554688,10.166666984558105,11.489341735839844,30.304916381835938,0.1495833396911621,194.0833282470703,3.0,27.836172103881836,0.0,7.4586639404296875
71.59331716461807,25.456679941970584,2,0,1751,1264,2,16,107.0,21.996536254882812,-0.7210833430290222,1001.2493286132812,0.0,13.267024040222168,25.42266845703125,0.0034583332017064095,169.5416717529297,0.0,23.460166931152344,0.0,6.819509983062744
77.21047171393859,26.703501183294488,8,0,4997,3881,9,36,314.0,86.04557037353516,25.837499618530273,966.1774291992188,55.95833206176758,5.09974479675293,29.747915267944336,0.37337496876716614,105.41666412353516,61.0,28.52083396911621,4.100000381469727,3.838867425918579
71.87434086685771,24.607232841787283,10,0,4000,2763,8,36,101.0,54.06394577026367,17.075918197631836,1000.2527465820312,25.29166603088379,6.163089752197266,28.878000259399414,0.08437500149011612,141.7916717529297,3.0,27.836336135864258,0.0,4.414568901062012
78.19710011212402,27.535855340593198,9,0,6313,5063,16,57,175.0,83.25740814208984,26.011999130249023,983.4505004882812,25.45833396911621,4.5044169425964355,30.170333862304688,0.3200833201408386,129.3333282470703,61.0,29.25575065612793,2.3999998569488525,3.8575334548950195
74.34391963813462,25.942856779052416,4,0,2107,1299,2,12,481.0,16.107946395874023,2.919416666030884,955.7294921875,49.08333206176758,21.039682388305664,33.45066452026367,0.13699999451637268,206.9166717529297,3.0,32.61941909790039,0.0,11.304423332214355
74.40742154645935,34.07086992368399,11,0,1817,820,2,20,2252.0,84.3271255493164,0.7839166522026062,779.8615112304688,69.5,3.1476409435272217,3.5818331241607666,0.42383334040641785,45.95833206176758,73.0,3.3005831241607666,4.299999713897705,0.8885588645935059
72.43357974838848,25.60533319043504,7,0,1906,1540,3,13,206.0,80.03445434570312,25.642915725708008,972.6242065429688,92.45833587646484,18.223249435424805,31.45749855041504,0.1639166623353958,85.58333587646484,51.0,29.63250160217285,0.20000000298023224,4.622664928436279
92.93326330979515,13.1307495013048,12,0,9103,5823,69,91,80.0,77.71871185302734,20.64699935913086,1004.562255859375,79.5,10.86253833770752,25.461584091186523,0.3435416519641876,177.5416717529297,3.0,24.90533447265625,0.0,3.9271368980407715
75.9700715918561,26.39201620693788,6,0,2181,1481,3,15,296.0,44.56967544555664,20.497249603271484,967.0853881835938,27.75,16.02655792236328,35.95766830444336,0.16770833730697632,163.2916717529297,3.0,34.75349807739258,0.0,8.311821937561035
92.87794479798052,13.411293421768134,8,0,7698,6505,3,15,5.0,86.21945190429688,24.731834411621094,1009.0469360351562,88.5,16.85467529296875,27.269332885742188,0.2855416536331177,48.91666793823242,51.0,27.248497009277344,0.9000000953674316,3.0707643032073975
89.2582072289054,26.451786242192018,6,0,7710,5771,15,52,55.0,84.44487762451172,25.121416091918945,993.47021484375,66.20833587646484,9.085623741149902,27.779748916625977,0.398250013589859,96.83333587646484,61.0,28.060998916625977,3.700000047683716,3.26810884475708
72.11064721807759,24.835704755934856,6,0,3432,2014,4,19,264.0,50.21443557739258,20.828248977661133,974.149169921875,21.83333396911621,15.257756233215332,35.515750885009766,0.16191667318344116,172.25,3.0,33.032413482666016,0.0,7.80995512008667
73.34174970340082,35.875218234087725,7,0,3883,2423,5,26,3032.0,76.86233520507812,10.583999633789062,711.2633666992188,28.70833396911621,3.99967098236084,17.954833984375,0.37329164147377014,220.25,63.0,14.688166618347168,3.6999998092651367,4.724152565002441
75.5254514614146,35.5732566465679,8,0,2786,1864,5,23,3060.0,46.79824447631836,6.065166473388672,710.0418090820312,11.291666984558105,2.0837442874908447,20.048500061035156,0.16712500154972076,248.0416717529297,1.0,17.944334030151367,0.0,5.14700174331665
71.89772020398406,25.412300574410136,7,0,1893,1436,3,16,76.0,68.34213256835938,24.05891990661621,988.06298828125,50.70833206176758,26.73626136779785,32.17558288574219,0.05274999514222145,58.04166793823242,51.0,30.9443302154541,0.7000000476837158,5.886630058288574
73.70392631341534,27.376179810871665,2,0,1300,986,2,13,285.0,71.06047058105469,6.827583312988281,986.0675659179688,0.0,9.289779663085938,14.315082550048828,0.04045833274722099,137.125,0.0,12.638001441955566,0.0,2.9462456703186035
73.16342916303617,20.073709649980756,5,0,3199,2004,6,32,305.0,68.93122100830078,21.847997665405273,971.2924194335938,14.541666984558105,12.872761726379395,33.13133239746094,0.20016665756702423,231.375,1.0,29.01258087158203,0.0,6.454641342163086
77.9345415945789,27.374289173736294,3,0,5021,3316,14,58,173.0,80.30206298828125,16.871917724609375,991.1755981445312,80.54166412353516,16.951833724975586,20.611501693725586,0.23929166793823242,87.25,63.0,20.653165817260742,6.699999809265137,3.120077610015869
75.4810726899445,35.71835220883821,4,0,1400,992,1,7,2973.0,42.987884521484375,-9.398666381835938,715.6712036132812,47.375,2.1821441650390625,1.5096668004989624,0.3199999928474426,274.2083435058594,3.0,1.9471665620803833,0.0,3.835881471633911
71.82322915268188,26.02132785784621,3,0,1216,880,1,8,172.0,32.6598014831543,8.741833686828613,992.1443481445312,24.125,14.795514106750488,29.97516632080078,0.02395833469927311,166.0416717529297,3.0,27.475160598754883,0.0,7.665464878082275
77.873972121821,26.437530538828383,1,0,6366,4206,10,57,180.0,68.35099029541016,8.05424976348877,998.076171875,73.375,5.376505374908447,15.127166748046875,0.16579166054725647,78.25,3.0,14.318832397460938,0.0,2.207329511642456
70.89094455116498,26.191788486159087,3,0,1499,1032,2,13,240.0,29.02950096130371,3.4379165172576904,981.4797973632812,0.0,17.491605758666992,27.1108341217041,0.028416668996214867,190.125,0.0,25.187917709350586,0.0,8.102917671203613
75.1276478637312,34.442639732006974,7,0,2680,1885,3,16,3929.0,70.09420013427734,3.815500020980835,644.806640625,22.25,5.260392665863037,12.35925006866455,0.20212499797344208,217.875,51.0,9.205083847045898,0.30000001192092896,4.2260308265686035
85.76006315472834,25.872390350508,7,0,1982,1359,2,11,49.0,84.97543334960938,26.578582763671875,996.0661010742188,99.91666412353516,8.317641258239746,30.67650032043457,0.3849583566188812,91.33333587646484,63.0,29.53692054748535,16.399999618530273,3.9881675243377686
76.52494055444068,9.804185930086614,6,0,8220,5739,9,36,42.0,96.28374481201172,24.035249710083008,1005.21044921875,86.54166412353516,5.294028282165527,25.37274932861328,0.5095000267028809,86.83333587646484,63.0,24.69358253479004,28.5,2.8017220497131348
74.88315109304133,35.410175256334455,12,0,2459,1566,2,16,3948.0,81.18639373779297,-14.244250297546387,627.9912719726562,65.20833587646484,2.5905673503875732,-5.946333408355713,0.2110000103712082,48.25,3.0,-11.625499725341797,0.0,0.7680867910385132
77.80174603792295,33.98409755048597,4,0,1435,1016,2,14,3760.0,32.296146392822266,-18.876333236694336,645.0698852539062,82.83333587646484,5.35192346572876,-6.126333236694336,0.06499999761581421,254.6666717529297,3.0,-3.961750030517578,0.0,3.0246353149414062
73.77909514225104,25.95453654561402,4,0,2319,1349,3,19,287.0,42.24067306518555,10.441666603088379,976.1591796875,11.875,8.301765441894531,27.379165649414062,0.14566665887832642,184.8333282470703,1.0,25.162500381469727,0.0,5.862293243408203
92.98828568851056,26.791715855035747,9,0,7554,3715,14,50,80.0,87.01944732666016,24.621583938598633,996.1974487304688,46.45833206176758,3.214303731918335,27.89241600036621,0.4088333547115326,148.8333282470703,53.0,27.07991600036621,1.5000001192092896,3.7673463821411133
76.22515496832152,24.28722709396237,7,0,3645,2720,1,6,341.0,85.58749389648438,25.32933235168457,961.147216796875,88.70833587646484,6.438100814819336,29.7376651763916,0.48870834708213806,94.04166412353516,63.0,28.135581970214844,13.699999809265137,3.804884672164917
91.84676124888173,26.42446172411359,8,0,6762,4021,7,35,61.0,79.87606811523438,25.407167434692383,997.0388793945312,8.75,5.124439239501953,30.18841552734375,0.4585833251476288,210.3333282470703,51.0,29.453001022338867,0.10000000149011612,4.940925598144531
72.8530749897019,23.774369804229437,9,0,6129,4206,4,24,160.0,68.7845687866211,22.596084594726562,988.9230346679688,19.66666603088379,5.950986385345459,30.577333450317383,0.22437499463558197,189.0,2.0,29.214841842651367,0.0,5.031295299530029
73.98966955361308,36.15427838644761,7,0,4452,1861,6,28,3387.0,72.74036407470703,6.21875,681.933349609375,74.125,2.2449140548706055,19.147916793823242,0.07183333486318588,117.83333587646484,51.0,11.154167175292969,2.3000001907348633,3.5114285945892334
70.88361839037495,25.335895732027588,8,0,2501,1983,2,10,160.0,90.63275146484375,24.743833541870117,983.21142578125,99.75,20.128835678100586,27.168832778930664,0.2692083418369293,4.25,63.0,26.441749572753906,10.900001525878906,1.9261932373046875
85.6248425976948,26.534920495056983,2,0,5404,3423,12,53,60.0,68.80255889892578,14.298083305358887,1007.4767456054688,2.75,7.122236728668213,21.166833877563477,0.16112500429153442,129.4583282470703,0.0,20.927249908447266,0.0,3.4824740886688232
86.7250849499617,25.918394540102025,4,0,2775,1771,4,22,44.0,69.33043670654297,21.673416137695312,1001.8926391601562,25.08333396911621,17.82242202758789,29.883834838867188,0.1835000067949295,130.25,3.0,28.006752014160156,0.0,5.374207973480225
78.20992765112419,12.249292936117856,12,0,6559,3683,10,47,444.0,85.99331665039062,20.89933204650879,960.7305297851562,99.625,14.858418464660645,23.740999221801758,0.39670833945274353,84.70833587646484,53.0,23.4805850982666,3.0,2.7244608402252197
81.88838966503776,25.63002638261872,4,0,2298,1705,3,20,97.0,18.475019454956055,2.406749963760376,998.3201293945312,5.291666507720947,8.164664268493652,32.342166900634766,0.13699999451637268,209.4583282470703,1.0,30.0609130859375,0.0,7.424901008605957
74.44009065815801,14.766723607677777,6,0,7645,5259,4,16,591.0,78.1489486694336,20.922250747680664,940.8361206054688,62.20833206176758,5.155165195465088,25.351415634155273,0.44437500834465027,210.875,3.0,25.34099769592285,0.0,4.995879650115967
74.626328679111,27.785602325794052,11,0,2202,1429,3,22,327.0,70.01113891601562,12.509666442871094,976.8107299804688,18.54166603088379,11.28492259979248,22.070083618164062,0.03020833432674408,89.75,2.0,18.52633285522461,0.0,2.961073398590088
83.2786982363365,17.997650323664008,3,0,4959,2254,11,40,48.0,55.07985305786133,16.193666458129883,1008.9869995117188,24.04166603088379,6.996173858642578,30.083250045776367,0.11533334106206894,179.0416717529297,3.0,27.25408363342285,0.0,5.37880802154541
74.20160358197148,27.325941087387054,6,0,1431,1064,2,13,300.0,46.5142822265625,19.860416412353516,968.9913940429688,20.58333396911621,10.659286499023438,35.016666412353516,0.15904167294502258,116.54166412353516,51.0,33.15208435058594,0.30000001192092896,6.339815139770508
86.5355296355164,26.122362783217646,8,0,1855,1123,3,13,50.0,86.757568359375,26.13825035095215,992.0849609375,98.16666412353516,6.173373699188232,29.832000732421875,0.39237499237060547,93.95833587646484,65.0,28.686166763305664,16.700000762939453,3.6326160430908203
87.93162817051446,21.91815393800593,11,0,6461,3300,26,80,6.0,80.65486907958984,21.96150016784668,1010.377685546875,23.20833396911621,6.750845432281494,26.969833374023438,0.42520833015441895,120.58333587646484,3.0,25.751083374023438,0.0,3.404679536819458
73.14551485242313,26.891622224206316,9,0,2860,1842,7,36,290.0,82.40158081054688,24.161169052124023,971.5985717773438,61.20833206176758,14.276745796203613,28.454917907714844,0.2528750002384186,100.875,61.0,27.504919052124023,4.099999904632568,3.668632984161377
72.23060251920019,25.424252937637714,4,0,2255,1652,3,16,179.0,31.059228897094727,10.615583419799805,989.3203125,46.375,12.495884895324707,35.58433151245117,0.025249997153878212,202.1666717529297,3.0,32.50516891479492,0.0,8.574679374694824
84.68771919810119,22.96391422284254,1,0,3115,1955,5,26,534.0,51.79196548461914,2.8787500858306885,956.8202514648438,2.375,6.247644901275635,15.003750801086426,0.26354166865348816,165.1666717529297,1.0,13.382918357849121,0.0,3.3922221660614014
75.10870118938418,28.561146353735957,11,0,1815,1091,5,30,245.0,29.050317764282227,2.110666513442993,985.5767211914062,0.0,9.915678977966309,23.335668563842773,0.028999999165534973,133.75,0.0,22.00025177001953,0.0,5.05907678604126
74.97480631167532,27.69372392793643,2,0,6033,3901,14,59,383.0,30.422842025756836,0.018833240494132042,966.51123046875,26.04166603088379,10.025115013122559,21.68549919128418,0.04700000211596489,157.375,2.0,19.725082397460938,0.0,5.161466121673584
76.62727025995798,27.0999152339724,7,0,6656,4095,1,7,294.0,76.37992095947266,25.848501205444336,967.2147827148438,53.75,8.407662391662598,32.1609992980957,0.31200000643730164,151.0416717529297,65.0,30.688081741333008,10.100001335144043,5.1368513107299805
72.38616780670532,23.988744919198872,2,0,3583,2324,7,43,150.0,28.895339965820312,0.6341667771339417,999.4248046875,0.0,11.526068687438965,22.6633358001709,0.13500000536441803,178.6666717529297,0.0,20.60291862487793,0.0,5.519822597503662
71.76093182483419,24.012958911968237,6,0,3235,2456,6,34,50.0,55.15986633300781,22.92291831970215,996.65185546875,20.91666603088379,12.662922859191895,36.6583366394043,0.16987501084804535,172.125,51.0,33.49374771118164,0.10000000149011612,7.149225234985352
80.73488349587817,30.312829590091614,3,0,1065,877,1,7,3821.0,85.2753677368164,-6.064582824707031,643.6384887695312,80.75,3.0002689361572266,5.839583873748779,0.3310000002384186,96.33333587646484,71.0,-3.916666269302368,0.0,2.675537586212158
74.60637557290254,25.638890341092118,1,0,6128,3780,10,57,431.0,77.38508605957031,6.167749881744385,968.3180541992188,0.2083333283662796,8.3607816696167,12.671916961669922,0.2381666749715805,140.375,0.0,10.528166770935059,0.0,2.473031997680664
74.48031881088026,29.076821424346594,4,0,1372,974,1,7,183.0,31.18102264404297,9.986666679382324,985.6994018554688,18.5,10.2893648147583,34.024166107177734,0.028541667386889458,172.625,3.0,29.849166870117188,0.0,7.371862888336182
74.11931175026157,27.421926936884606,11,0,2949,1948,5,28,300.0,38.52689743041992,5.7218337059021,978.93994140625,3.1666667461395264,5.926471710205078,23.844749450683594,0.03008333407342434,129.4166717529297,2.0,22.219751358032227,0.0,3.8323373794555664
73.85830698117583,25.811314017243944,2,0,2670,1718,3,21,337.0,28.57537841796875,3.690333127975464,970.974609375,0.0,21.213335037231445,26.269498825073242,0.1378333419561386,185.9166717529297,0.0,25.884078979492188,0.0,8.532466888427734
72.31965987991136,25.07108506825167,1,0,2680,1776,5,35,152.0,57.29911804199219,9.13208293914795,998.1765747070312,30.0,5.391824245452881,18.73000144958496,0.1914583444595337,121.0,3.0,18.484167098999023,0.0,2.980435609817505
87.39179098886017,25.558089937483498,12,0,5478,2972,3,20,33.0,80.15503692626953,17.086915969848633,1012.68701171875,1.625,4.865906238555908,22.386917114257812,0.15341664850711823,93.41666412353516,1.0,21.003583908081055,0.0,2.2743163108825684
72.03639430683971,26.193713749981054,10,0,3371,2361,7,37,201.0,33.142826080322266,12.208999633789062,990.0437622070312,27.08333396911621,9.212817192077637,34.690250396728516,0.009499999694526196,125.20833587646484,3.0,31.227746963500977,0.0,5.781510353088379
84.7777720103824,25.110887707871367,5,0,3008,1987,4,20,75.0,60.666168212890625,21.537248611450195,996.7546997070312,66.29166412353516,7.177929401397705,33.812252044677734,0.16083334386348724,162.0,51.0,30.626832962036133,0.20000000298023224,5.611359596252441
74.25193763852658,27.88270867743555,4,0,1400,970,2,14,324.0,34.596046447753906,11.918083190917969,969.35498046875,24.95833396911621,10.197509765625,33.68266677856445,0.024791665375232697,148.4583282470703,53.0,29.807668685913086,0.7000000476837158,6.741977214813232
75.35088284537981,27.487555391760694,3,0,2280,1462,3,22,482.0,19.742183685302734,-1.9256664514541626,958.4151000976562,0.0,7.394662380218506,23.93683433532715,0.1379999965429306,185.0,0.0,23.801414489746094,0.0,5.590693473815918
73.29459687083752,25.13676045322757,2,0,3299,2148,7,36,321.0,34.22126770019531,1.6700834035873413,975.4179077148438,0.0,7.255807876586914,19.1617488861084,0.1459999978542328,170.7916717529297,0.0,18.67424964904785,0.0,4.416777610778809
74.53021766021477,22.589224282098687,10,0,6147,3584,15,62,385.0,67.61737823486328,16.851999282836914,969.6154174804688,9.375,5.785663604736328,24.987417221069336,0.32241666316986084,155.875,1.0,23.543664932250977,0.0,3.8359596729278564
78.1428077274909,27.487647369503293,10,0,3933,2396,3,24,174.0,60.69038009643555,12.93591594696045,993.4107055664062,0.0,9.06325626373291,21.86716651916504,0.2187083214521408,135.875,0.0,21.44841957092285,0.0,3.8133163452148438
73.65796534891332,27.248719216338156,9,0,3389,2454,10,43,296.0,57.80630874633789,20.272748947143555,976.0798950195312,15.916666984558105,9.309588432312012,35.074832916259766,0.0280000027269125,147.4583282470703,3.0,30.13733673095703,0.0,5.246050834655762
77.85854400706069,26.91158855876467,9,0,4749,3579,4,23,165.0,67.94351959228516,21.780664443969727,987.7939453125,3.25,6.507071018218994,30.386917114257812,0.2633333206176758,170.125,1.0,28.834836959838867,0.0,4.810219764709473
71.15773586621584,25.904865497367936,7,0,2098,1579,2,13,276.0,60.665584564208984,23.05633544921875,971.23583984375,45.91666793823242,18.233373641967773,34.745914459228516,0.03983333334326744,159.9166717529297,3.0,32.24174499511719,0.0,7.266207695007324
87.88453797766972,22.22040350586149,5,0,4306,3140,11,41,7.0,79.9712905883789,25.353662490844727,1002.8112182617188,26.95833396911621,7.413636684417725,31.509916305541992,0.421541690826416,161.9166717529297,63.0,29.384916305541992,6.400000095367432,4.745840549468994
81.01901960901445,22.731001450708543,10,0,6173,3309,19,64,740.0,71.0975112915039,16.38075065612793,931.7721557617188,21.04166603088379,6.661492824554443,23.7515811920166,0.19466666877269745,171.1666717529297,3.0,22.555749893188477,0.0,4.0856194496154785
74.78046009577997,35.21118831426699,10,0,2697,1454,3,20,3234.0,46.930606842041016,-5.540416717529297,697.2825317382812,28.54166603088379,2.732783079147339,7.003332614898682,0.21545833349227905,173.2916717529297,51.0,5.824166774749756,0.30000001192092896,2.7972702980041504
72.05434003655466,24.22917337517729,5,0,5427,4156,11,45,122.0,50.35923385620117,19.91925048828125,988.012451171875,11.541666984558105,16.790769577026367,36.840084075927734,0.14000000059604645,200.7083282470703,2.0,32.97341537475586,0.0,8.516880989074707
72.6159224944655,25.773250951409327,6,0,1501,1070,2,13,144.0,40.22172927856445,18.200332641601562,987.7079467773438,0.0,20.55413055419922,38.675331115722656,0.02500000037252903,167.0416717529297,0.0,34.71491241455078,0.0,9.85816764831543
84.75242365251619,24.40193133680722,10,0,6655,4116,12,59,205.0,75.35698699951172,18.91641616821289,989.8505859375,2.7083332538604736,6.051025867462158,25.24141502380371,0.2998749911785126,151.0833282470703,0.0,23.985166549682617,0.0,3.6799895763397217
87.08232975744451,25.609179376360043,10,0,7942,7932,44,89,34.0,77.34415435791016,22.437667846679688,1006.1123046875,84.75,7.878037929534912,28.42308235168457,0.3179999887943268,130.1666717529297,3.0,26.97933006286621,0.0,3.824214458465576
74.15653290854509,27.611631166430804,1,0,1944,1212,2,19,327.0,67.72455596923828,5.657833099365234,979.6046752929688,2.0833332538604736,8.258583068847656,13.951583862304688,0.04266666993498802,113.125,2.0,12.18074893951416,0.0,2.4495580196380615
80.38802504137954,25.06184916348901,3,0,6298,3674,9,49,138.0,42.78437805175781,10.622084617614746,996.9216918945312,9.125,5.8998870849609375,26.438751220703125,0.13879166543483734,196.0,1.0,25.072084426879883,0.0,5.332683086395264
86.4018927451799,26.5813656482607,6,0,4928,3315,4,25,87.0,85.24771118164062,25.01908302307129,990.202880859375,99.16666412353516,15.949122428894043,27.933664321899414,0.36420831084251404,53.91666793823242,61.0,27.823251724243164,11.40000057220459,3.2860705852508545
74.43049064791497,28.31456354676228,2,0,2031,1395,6,36,282.0,68.3041763305664,7.5657501220703125,985.1096801757812,12.875,7.752379894256592,16.83241844177246,0.03554166480898857,127.04166412353516,3.0,14.313668251037598,0.0,2.942821502685547
75.34616025974107,11.929675408566062,6,0,5137,4501,18,61,3.0,93.1597671508789,23.375083923339844,1011.9557495117188,94.66666412353516,6.175548076629639,25.40424919128418,0.327875018119812,51.20833206176758,61.0,24.57716941833496,16.999998092651367,2.375748634338379
88.9839037640403,22.180730725727113,10,0,7798,4483,27,73,4.0,86.74093627929688,24.560165405273438,1008.7864379882812,84.16666412353516,3.5834267139434814,28.27266502380371,0.48237499594688416,76.58333587646484,63.0,27.010164260864258,19.399999618530273,2.4901769161224365
75.53934415240063,21.99202238493646,9,0,6565,4917,18,60,216.0,89.2231674194336,24.140832901000977,978.4044799804688,98.25,12.642845153808594,27.522085189819336,0.4963333308696747,57.20833206176758,63.0,26.13458251953125,33.70000457763672,2.756361484527588
76.26850850657165,27.58535282305576,4,0,3206,2194,10,53,377.0,23.33452606201172,3.9460830688476562,966.2615356445312,5.333333492279053,7.037023067474365,28.42108154296875,0.1303333193063736,194.125,1.0,27.860666275024414,0.0,6.540841102600098
78.36234609277179,27.933896839734594,1,0,6307,4122,11,62,180.0,81.22882843017578,10.740333557128906,997.0015258789062,41.29166793823242,8.376133918762207,15.890332221984863,0.2902083396911621,96.83333587646484,3.0,14.15908432006836,0.0,2.263829231262207
73.18351420450956,27.19120004725193,12,0,2094,1574,3,21,290.0,45.854034423828125,2.436666488647461,985.3704223632812,96.75,10.072175025939941,16.03041648864746,0.03154166415333748,72.125,3.0,15.10541820526123,0.0,3.177166700363159
73.07856842955849,25.050436772909865,11,0,4641,2609,6,38,326.0,50.7832145690918,10.043916702270508,978.6083984375,57.08333206176758,4.772055149078369,22.623083114624023,0.14520832896232605,67.29166412353516,3.0,21.560579299926758,0.0,3.0499160289764404
74.4954282387817,14.744887181075159,8,0,8653,6057,7,29,183.0,91.46906280517578,23.390417098999023,988.49951171875,75.5,4.014843940734863,25.298751831054688,0.48979172110557556,132.8333282470703,63.0,25.00916862487793,9.80000114440918,3.7928757667541504
74.4867027264212,14.55528673468319,8,0,911,762,1,5,169.0,86.89214324951172,22.72566795349121,988.1306762695312,92.58333587646484,5.878575801849365,24.81316566467285,0.4834583103656769,117.95833587646484,63.0,25.192331314086914,7.700000286102295,3.7608368396759033
73.96992726541703,25.350163633347737,6,0,2741,1864,5,24,622.0,49.19479751586914,18.484167098999023,935.7529296875,10.291666984558105,15.522992134094238,34.88624954223633,0.1315000057220459,172.2083282470703,1.0,31.17999839782715,0.0,7.5887227058410645
81.02569536827895,22.79346488236758,10,0,6868,3683,9,39,722.0,79.98543548583984,20.51441764831543,930.2099609375,27.08333396911621,6.51727294921875,25.25608253479004,0.37937498092651367,166.5,51.0,24.46650505065918,0.20000000298023224,4.1167073249816895
76.81511379544285,8.957028934324786,12,0,8040,4763,43,84,109.0,78.16698455810547,21.41266632080078,997.7960815429688,82.91666412353516,13.678112983703613,25.929330825805664,0.44449999928474426,116.33333587646484,53.0,25.72933006286621,0.9000000357627869,3.8708810806274414
85.95181419083931,25.645602085257863,5,0,5128,3484,8,38,44.0,64.92733764648438,23.0,997.668212890625,8.416666984558105,5.889129638671875,32.579166412353516,0.2459583282470703,176.9166717529297,1.0,30.808334350585938,0.0,5.492302894592285
72.97250540997187,36.00328761446938,9,0,1613,669,2,12,3380.0,62.22213363647461,5.281916618347168,687.1979370117188,13.375,3.2004165649414062,15.452751159667969,0.28587499260902405,210.5833282470703,53.0,12.561083793640137,1.899999976158142,4.22996187210083
73.19115079428559,27.119449996362512,5,0,1452,1044,2,11,293.0,13.95868968963623,4.428833484649658,967.803955078125,1.5833333730697632,16.913719177246094,39.94133377075195,0.007708333432674408,159.9583282470703,0.0,38.039249420166016,0.0,11.49216079711914
71.17184107934156,26.008965861672568,1,0,1302,891,1,10,261.0,52.83135986328125,2.7323334217071533,985.823486328125,81.66666412353516,8.693087577819824,14.949000358581543,0.0338333360850811,106.83333587646484,3.0,13.59274959564209,0.0,2.9668667316436768
76.58938562703341,9.906015623675776,2,0,6697,4211,42,82,69.0,74.10147094726562,21.816247940063477,1003.8178100585938,29.125,4.90134859085083,27.90374755859375,0.3219166696071625,190.2083282470703,51.0,27.5766658782959,0.6000000238418579,4.654134750366211
75.53134760164005,21.979580249601902,2,0,3460,2131,5,27,261.0,41.2724609375,8.77750015258789,984.0261840820312,4.916666507720947,8.997028350830078,25.596250534057617,0.25704166293144226,178.3333282470703,1.0,23.277498245239258,0.0,5.319265842437744
74.43269916830074,26.33505826176201,3,0,2625,1697,4,26,411.0,22.820398330688477,-0.5114999413490295,967.789794921875,0.0,7.821595668792725,25.07183265686035,0.14129166305065155,186.75,0.0,22.736417770385742,0.0,5.702310562133789
74.43892629874124,25.688440753045448,10,0,5333,3330,18,67,464.0,61.71794128417969,18.40974998474121,961.2879028320312,5.708333492279053,5.491322994232178,28.46183204650879,0.1835416555404663,168.0,1.0,26.828500747680664,0.0,4.44405460357666
72.31604774909998,23.949535638243095,7,0,3412,3177,5,23,125.0,81.81497192382812,25.35333251953125,985.10009765625,92.625,15.761734008789062,29.917917251586914,0.37458333373069763,65.16666412353516,61.0,28.890836715698242,4.499999523162842,3.9206371307373047
75.2722822704577,27.449951757053817,2,0,5243,3084,7,46,450.0,55.83793258666992,4.172999858856201,968.2346801757812,32.625,9.30981731414795,16.216751098632812,0.16987498104572296,128.4166717529297,3.0,13.568832397460938,0.0,3.2948758602142334
72.12782974094361,26.477422724931245,12,0,2561,1660,3,21,247.0,32.4539794921875,0.15583330392837524,986.2907104492188,0.0,10.103928565979004,18.97458267211914,0.02941666543483734,121.45833587646484,0.0,18.40791893005371,0.0,4.251315116882324
78.18370542932102,25.273791125799523,11,0,4599,2717,10,48,367.0,53.53116989135742,12.115666389465332,970.6742553710938,3.0,7.875638961791992,24.419836044311523,0.1482916623353958,139.375,1.0,23.04691505432129,0.0,4.185330867767334
75.07339020591034,25.73692735899751,5,0,2337,1594,4,20,344.0,21.37286949157715,9.987250328063965,962.24365234375,19.625,16.390295028686523,38.585166931152344,0.12070832401514053,162.7083282470703,3.0,37.2205810546875,0.0,10.463966369628906
77.10885971022846,32.45849234652255,9,0,4131,1617,4,25,3906.0,75.80806732177734,6.315832614898682,648.80810546875,68.375,3.564375877380371,18.224166870117188,0.03304166719317436,143.2083282470703,51.0,10.66583251953125,0.20000000298023224,3.3653573989868164
71.6321931716816,24.321106544539035,4,0,3938,2681,7,33,47.0,30.283239364624023,10.046417236328125,1005.5133666992188,6.916666507720947,7.762582302093506,33.43600082397461,0.13737499713897705,219.9583282470703,2.0,31.058916091918945,0.0,7.112346172332764
76.50229087440718,9.915590464368707,10,0,8358,5466,31,75,36.0,93.55307006835938,23.853164672851562,1003.7693481445312,81.33333587646484,3.8751156330108643,25.55316734313965,0.49674999713897705,99.83333587646484,63.0,25.02400016784668,20.000003814697266,2.960104465484619
86.02907926291203,24.408674307836677,8,0,5879,5318,10,45,347.0,79.54618072509766,24.279998779296875,962.7625122070312,67.54166412353516,10.186480522155762,29.7237491607666,0.30158331990242004,182.4166717529297,51.0,28.394582748413086,1.0,4.837159156799316
71.93859530192951,25.323052183968194,4,0,1653,1234,2,14,86.0,38.0740966796875,15.52841567993164,995.3252563476562,11.833333015441895,16.55519676208496,36.50966262817383,0.03045833110809326,185.9166717529297,1.0,33.11174774169922,0.0,8.7508544921875
74.07585614259199,35.462592314705326,1,0,1688,766,1,9,1602.0,71.85028839111328,-5.387833118438721,839.935302734375,80.25,2.0386931896209717,2.1309165954589844,0.1678749918937683,42.58333206176758,73.0,-0.8649166226387024,0.10000000149011612,0.9140438437461853
86.03421461261034,24.271436731277948,9,0,6859,4160,15,56,300.0,77.72172546386719,23.84308433532715,971.87548828125,14.333333015441895,6.430978298187256,29.49308204650879,0.3648749887943268,181.25,51.0,28.2930850982666,0.10000000149011612,4.5803542137146
71.22805457609402,25.19522695448977,8,0,3650,2506,3,18,136.0,48.2631950378418,19.445415496826172,986.8721313476562,22.29166603088379,10.396242141723633,37.372501373291016,0.02929166704416275,163.0833282470703,51.0,32.099578857421875,0.4000000059604645,6.364637851715088
72.56342779699546,23.959002036119887,7,0,4535,3587,2,14,181.0,85.19304656982422,23.7901668548584,985.9656372070312,84.0,12.647438049316406,27.442251205444336,0.40825000405311584,128.5833282470703,53.0,26.621414184570312,2.0,4.220725059509277
86.09563305581872,26.221552201737232,7,0,6115,3577,15,51,49.0,78.71326446533203,25.830251693725586,995.9884643554688,96.33333587646484,15.502070426940918,30.811500549316406,0.36758336424827576,154.9166717529297,53.0,30.044832229614258,1.3000000715255737,5.120693683624268
70.97990928107232,25.37009356158654,5,0,1333,996,2,14,171.0,24.824317932128906,9.347916603088379,983.8717651367188,0.0,14.698235511779785,38.28125,0.013916666619479656,200.25,0.0,35.16458511352539,0.0,9.922520637512207
74.49139754919909,26.15556184081132,1,0,2980,1789,4,31,521.0,48.74702453613281,6.2243332862854,953.67919921875,15.0,11.752812385559082,18.932666778564453,0.13899999856948853,131.375,3.0,18.551416397094727,0.0,4.175813674926758
72.4665482080168,24.5294120565328,3,0,4488,2664,7,42,234.0,26.185806274414062,4.291749954223633,986.7565307617188,18.125,8.76318645477295,27.360498428344727,0.1522083431482315,197.2083282470703,3.0,25.956329345703125,0.0,6.66960334777832
85.225746621886,26.169556622156662,5,0,4682,3382,6,28,55.0,67.7607650756836,20.808250427246094,1001.4329223632812,18.70833396911621,12.481647491455078,28.577001571655273,0.3244583308696747,133.875,63.0,27.481168746948242,3.0999999046325684,5.137229919433594
73.39361376931127,26.21142864168558,11,0,2597,1558,3,16,237.0,49.17158508300781,7.012833118438721,987.2780151367188,0.1666666716337204,6.824793338775635,19.71700096130371,0.14287500083446503,128.5833282470703,0.0,18.769081115722656,0.0,3.469752550125122
77.1654944494753,26.531316929002873,12,0,3650,2136,4,32,330.0,71.56402587890625,12.766082763671875,977.3185424804688,16.375,7.094505786895752,18.320249557495117,0.36483335494995117,96.79166412353516,2.0,18.12649917602539,0.0,2.4485666751861572
74.36380365682963,28.309330672661574,12,0,3472,2239,4,33,276.0,72.70735931396484,8.965167045593262,986.3359375,9.208333015441895,9.196590423583984,16.738082885742188,0.030666664242744446,102.79166412353516,3.0,15.004748344421387,0.0,2.4914305210113525
73.59386034126068,21.97551970746447,7,0,1864,1492,1,4,39.0,83.32396697998047,24.714834213256836,997.3440551757812,85.45833587646484,14.64830493927002,28.764833450317383,0.4912083148956299,112.08333587646484,63.0,27.85649871826172,6.699999809265137,4.111695766448975
87.66926412080424,22.010634241314975,7,0,4825,2439,11,38,2.0,81.49346923828125,25.30466651916504,1003.4729614257812,57.54166793823242,12.769309997558594,29.79425048828125,0.48658332228660583,136.875,51.0,28.865083694458008,1.100000023841858,4.424511909484863
76.85225209952604,27.312815286977035,1,0,6647,4625,12,63,233.0,70.93948364257812,7.433084011077881,990.31689453125,1.6666666269302368,6.532905578613281,13.53516674041748,0.19858331978321075,109.41666412353516,0.0,13.028916358947754,0.0,2.3380789756774902
76.03984923428592,26.603847509876942,12,0,3563,2114,7,47,302.0,76.33284759521484,6.74633264541626,983.5486450195312,12.458333015441895,5.503774642944336,13.287999153137207,0.21666668355464935,114.70833587646484,2.0,11.273415565490723,0.0,2.1205708980560303
88.55181818409059,27.812646093309247,10,0,6212,2964,70,100,3277.0,69.97322082519531,-0.40774989128112793,693.9387817382812,88.0,5.437893390655518,8.402667045593262,0.37049999833106995,132.625,71.0,4.704749584197998,0.0,2.3801090717315674
76.09977586149012,26.66901883537005,3,0,2656,1583,6,31,315.0,37.1005744934082,12.478416442871094,973.811279296875,87.20833587646484,9.20314884185791,29.272165298461914,0.15666668117046356,171.8333282470703,3.0,29.313833236694336,0.0,6.61411190032959
71.71734770913548,25.92364164647172,10,0,2733,1826,4,25,174.0,32.88314437866211,12.347748756408691,992.963134765625,20.125,8.151995658874512,35.012332916259766,0.021541664376854897,133.3333282470703,2.0,31.4810848236084,0.0,5.568140029907227
73.04370265326487,25.955810234060955,7,0,2241,1441,2,12,178.0,81.15239715576172,25.402000427246094,979.25537109375,97.91666412353516,10.083207130432129,30.43324851989746,0.3345833122730255,14.583333015441895,55.0,29.06867218017578,1.9000000953674316,2.680617332458496
92.90086610101793,13.162081953968055,12,0,8962,5447,39,84,120.0,82.46723175048828,22.313501358032227,999.04443359375,34.25,8.258055686950684,26.251001358032227,0.2761249840259552,148.2083282470703,51.0,25.628084182739258,0.8000000715255737,3.46774959564209
72.03489952256871,26.434017438649033,12,0,1362,940,2,15,231.0,44.83820724487305,4.6045002937316895,990.50439453125,0.0,15.435349464416504,19.47949981689453,0.023000000044703484,119.16666412353516,0.0,18.650331497192383,0.0,4.69648551940918
78.5860029535628,31.293636531972954,7,0,1932,1234,2,10,4318.0,87.161865234375,7.575416564941406,618.69775390625,97.25,3.607600450515747,12.93791675567627,0.39916667342185974,73.33333587646484,51.0,9.654582977294922,1.7000001668930054,2.6551694869995117
75.96859097150242,32.11013888494724,4,0,4728,3151,10,41,419.0,62.492523193359375,16.38741683959961,961.9636840820312,51.58333206176758,9.644411087036133,25.516584396362305,0.12979167699813843,192.7083282470703,51.0,24.86241340637207,0.20000000298023224,5.34622859954834
74.32689937629739,28.44438310465291,12,0,1726,1112,2,14,238.0,68.6850357055664,12.475166320800781,988.5159301757812,11.041666984558105,6.7672648429870605,20.002248764038086,0.029208332300186157,103.91666412353516,2.0,19.33558464050293,0.0,2.834866762161255
96.68345891410105,27.48733696097177,4,0,6458,3649,9,38,1529.0,74.44062042236328,10.69800090789795,846.6921997070312,95.08333587646484,6.235692501068115,14.92508316040039,0.4482499659061432,40.08333206176758,63.0,15.581332206726074,23.299997329711914,2.3208866119384766
80.64056507539186,23.217162266032055,6,0,2554,1330,4,23,596.0,43.6393928527832,18.011917114257812,938.6325073242188,50.20833206176758,11.674824714660645,35.98899841308594,0.2630833089351654,155.5833282470703,3.0,33.053585052490234,0.0,6.983394145965576
74.84179837454356,27.225434359915365,3,0,2404,1612,3,18,400.0,17.510665893554688,0.5176666975021362,960.9523315429688,0.0,12.287829399108887,29.94683265686035,0.050999999046325684,197.9583282470703,0.0,28.24891471862793,0.0,7.999344825744629
73.00807293742297,25.07216315315787,1,0,3581,1986,5,36,294.0,62.3812141418457,6.20216703414917,983.4933471679688,0.0,6.661779880523682,15.941749572753906,0.1784583330154419,142.625,0.0,14.579249382019043,0.0,3.048417806625366
72.3153338529399,25.45320158336278,9,0,6130,4666,11,43,345.0,68.89669799804688,21.91291618347168,967.785888671875,1.5,8.652761459350586,29.85249900817871,0.1434583216905594,182.9166717529297,0.0,28.51291847229004,0.0,5.135551452636719
79.43675539756337,27.089455923107327,10,0,5270,3802,10,53,147.0,55.54725646972656,15.775750160217285,994.92236328125,0.0,7.08020544052124,27.315332412719727,0.17641665041446686,166.1666717529297,0.0,26.30283546447754,0.0,4.829784393310547
75.59264151715948,28.170329381201892,9,0,6504,4816,17,59,331.0,85.29998016357422,23.64875030517578,967.1360473632812,81.83333587646484,10.323553085327148,27.686250686645508,0.2540000081062317,84.625,63.0,26.4758358001709,10.90000057220459,3.180147886276245
73.7572919263204,36.2619497455147,8,0,5814,3436,13,50,1977.0,72.93546295166016,14.609665870666504,807.43505859375,100.0,1.7105599641799927,19.824249267578125,0.4267916679382324,1.9583333730697632,63.0,19.626333236694336,23.80000114440918,1.1799629926681519
92.78361324766016,12.258693045008496,6,0,8700,6762,27,71,64.0,79.05672454833984,24.168832778930664,1001.1683959960938,81.83333587646484,15.90964126586914,28.50841522216797,0.35729169845581055,192.625,51.0,28.181333541870117,0.9000000357627869,4.944809913635254
92.99798034326075,12.095136676806012,1,0,8687,4949,42,86,7.0,68.45136260986328,20.312665939331055,1010.3650512695312,25.58333396911621,15.154995918273926,30.466833114624023,0.04795833304524422,173.5416717529297,3.0,26.839750289916992,0.0,4.877445220947266
88.48789948115753,21.95721962933596,4,0,5267,3359,15,57,4.0,60.5224723815918,20.959917068481445,1009.3583984375,34.5,5.798658847808838,31.774499893188477,0.2749166488647461,195.0,51.0,30.67449951171875,0.30000001192092896,5.598107814788818
74.26068172864457,28.71127498905047,5,0,1279,839,2,10,209.0,57.385528564453125,18.029916763305664,983.3510131835938,5.458333492279053,7.207400798797607,31.757001876831055,0.035624999552965164,146.9583282470703,1.0,28.08824920654297,0.0,5.788307189941406
85.98970177827508,26.415244099432645,1,0,5815,3309,9,44,57.0,82.12493133544922,10.951915740966797,1007.619140625,1.1666666269302368,9.352856636047363,15.895665168762207,0.26258334517478943,138.4166717529297,0.0,14.228997230529785,0.0,2.554165840148926
71.19368960744275,25.75870527451846,8,0,5429,3290,10,44,227.0,81.82685852050781,24.467084884643555,975.6676635742188,93.0,22.455209732055664,29.025419235229492,0.12187501043081284,67.41666412353516,51.0,28.03375244140625,0.20000000298023224,4.20559549331665
78.92207464212211,27.46356817157276,4,0,3420,2627,6,30,165.0,25.23944854736328,7.107082843780518,986.6019897460938,0.2083333283662796,9.724711418151855,30.705001831054688,0.1574583500623703,196.625,0.0,30.469587326049805,0.0,7.850930690765381
87.4417369405512,25.631335749071294,11,0,2731,1675,6,33,35.0,68.03467559814453,17.33591651916504,1010.4393920898438,1.4166666269302368,3.8404324054718018,24.550500869750977,0.22608332335948944,112.33333587646484,0.0,23.9984188079834,0.0,2.9441256523132324
72.56123394943614,25.88082970765519,8,0,6694,5916,11,43,142.0,84.20853424072266,25.56458282470703,982.7587890625,93.54166412353516,7.933859348297119,30.475000381469727,0.38324999809265137,104.54166412353516,63.0,28.67708396911621,15.700000762939453,3.9843764305114746
86.38622806323674,26.274312559761796,2,0,6439,3753,14,59,49.0,66.67231750488281,11.519000053405762,1007.4564819335938,1.4166666269302368,5.418165683746338,19.696083068847656,0.1535416692495346,156.0416717529297,0.0,18.70650291442871,0.0,3.46008038520813
72.49257722304047,26.512790424610582,4,0,1343,917,2,14,311.0,11.305377006530762,-0.8833332657814026,972.2111206054688,0.0,14.1700439453125,35.71458435058594,0.0002083333529299125,198.0833282470703,0.0,34.23541259765625,0.0,10.101104736328125
72.71408602038916,25.046570979701464,2,0,2306,1353,10,51,214.0,37.89450454711914,8.63516616821289,990.4323120117188,34.75,13.093413352966309,24.805999755859375,0.1447499841451645,138.25,2.0,24.851835250854492,0.0,5.918600559234619
72.92407384632783,36.308156660175264,9,0,670,224,1,6,4575.0,29.52597999572754,-9.314083099365234,600.2353515625,3.2916667461395264,2.7935216426849365,10.51924991607666,0.08162499964237213,260.5416564941406,2.0,7.963001251220703,0.0,4.208736419677734
74.61215553492916,27.580668531674092,6,0,2136,1593,3,17,337.0,49.49747085571289,19.858415603637695,964.9216918945312,35.875,14.969074249267578,36.53133773803711,0.03345833346247673,131.5833282470703,55.0,32.302162170410156,1.8000000715255737,7.243204593658447
71.41011954681298,23.840503844170154,3,0,2597,1730,4,22,15.0,21.02178192138672,4.9330830574035645,1006.7468872070312,0.0,14.452082633972168,33.562252044677734,0.13699999451637268,221.7916717529297,0.0,32.322669982910156,0.0,9.594162940979004
71.5609770704519,24.303894283113415,8,0,3123,2717,5,23,42.0,86.3506088256836,25.46016502380371,995.5027465820312,97.79166412353516,13.2824068069458,28.928916931152344,0.4023333489894867,49.45833206176758,63.0,28.068498611450195,15.400001525878906,3.07728910446167
71.33747532817995,25.365490843206913,5,0,1354,954,2,12,125.0,25.885034561157227,9.763833045959473,990.9401245117188,10.333333015441895,18.512451171875,36.68466567993164,0.010999999940395355,158.5416717529297,2.0,34.051326751708984,0.0,10.17631721496582
76.39441851729435,26.84398257384748,3,0,3129,2035,5,29,329.0,40.792598724365234,5.915083408355713,976.8173828125,0.0,7.384435176849365,22.57758331298828,0.14629165828227997,181.375,0.0,20.80466651916504,0.0,4.744109153747559
69.87794915214424,23.93107995060727,9,0,6998,5524,6,28,110.0,73.54976654052734,23.193330764770508,990.8754272460938,48.33333206176758,11.710578918457031,31.343332290649414,0.09462499618530273,184.8333282470703,3.0,28.79958152770996,0.0,5.287293434143066
79.62188064520542,13.87752733331664,6,0,4066,2800,6,29,72.0,41.95099639892578,19.232749938964844,994.9508666992188,96.95833587646484,10.92249584197998,36.4327507019043,0.13320833444595337,64.08333587646484,3.0,34.453582763671875,0.0,6.138086318969727
77.54834551032302,27.308969144032243,10,0,2696,1626,9,40,176.0,81.1357192993164,22.86275291442871,985.4343872070312,75.33333587646484,11.3672456741333,27.979415893554688,0.25704166293144226,67.66666412353516,65.0,26.554418563842773,20.600000381469727,3.0084855556488037
71.68421968845986,24.515420076083903,3,0,4287,2850,10,49,54.0,28.873109817504883,2.2454164028167725,1005.4594116210938,21.79166603088379,8.226434707641602,23.493331909179688,0.07491666823625565,184.2916717529297,3.0,22.353750228881836,0.0,5.5611653327941895
71.12501270075376,26.76447651671845,11,0,1287,920,2,13,263.0,65.61711883544922,16.703083038330078,985.069580078125,0.0,7.252030849456787,26.475997924804688,0.03712500259280205,134.625,0.0,24.29266929626465,0.0,3.699219226837158
73.72723008753823,27.062774557226685,8,0,2516,1674,1,6,315.0,72.50492095947266,23.4598331451416,965.970703125,82.875,13.9666109085083,30.032751083374023,0.2862916588783264,123.66666412353516,53.0,29.201499938964844,2.999999761581421,5.078850746154785
86.04647960086697,25.953554988595382,10,0,6617,4150,16,57,43.0,73.66939544677734,19.258333206176758,1006.3423461914062,0.7916666865348816,5.452019214630127,26.181251525878906,0.3227916657924652,151.875,0.0,24.67292022705078,0.0,3.7245662212371826
76.10175247996699,24.421448120368947,5,0,2374,1358,3,13,358.0,32.86946487426758,12.858250617980957,967.84765625,14.0,15.049773216247559,36.6124153137207,0.23400001227855682,178.5833282470703,2.0,32.87699508666992,0.0,9.052639961242676
75.03705227501308,26.369624910013325,5,0,2108,1391,3,17,409.0,19.600379943847656,6.355165958404541,960.5831909179688,8.0,20.472312927246094,36.35932922363281,0.13249999284744263,176.7916717529297,2.0,34.03641891479492,0.0,11.226629257202148
76.3257934760092,12.365069125591104,3,0,3713,2074,5,28,775.0,68.38024139404297,18.37433433532715,926.16064453125,31.25,5.785419464111328,28.268081665039062,0.13308334350585938,161.75,53.0,25.447250366210938,1.5000001192092896,4.504788875579834
72.12601816816533,25.417049685897812,8,0,3971,3088,2,12,119.0,84.30292510986328,24.946746826171875,984.98876953125,79.66666412353516,6.224739074707031,30.37591552734375,0.3877916634082794,120.58333587646484,65.0,28.025915145874023,16.80000114440918,4.278571605682373
72.16923671513409,26.09630733519564,8,0,4260,3250,12,49,152.0,71.5799331665039,24.21558380126953,986.1597290039062,86.25,9.179675102233887,33.33433151245117,0.070333331823349,88.29166412353516,63.0,30.45308494567871,8.399999618530273,4.499056339263916
74.45431216537668,14.718948981628436,6,0,4097,3370,53,86,84.0,92.87821197509766,24.452749252319336,997.807373046875,95.54166412353516,7.828572750091553,25.511083602905273,0.5054583549499512,36.625,61.0,25.733999252319336,14.200000762939453,2.2235865592956543
80.89918939987858,25.41749476189785,7,0,4625,3416,7,39,105.0,82.33690643310547,26.227083206176758,984.28662109375,99.91666412353516,6.087737560272217,31.55208396911621,0.359458327293396,84.16666412353516,63.0,29.743751525878906,20.800004959106445,3.922682046890259
87.76213977602768,21.984695166926322,3,0,8123,5216,6,31,3.0,78.122802734375,20.12708282470703,1011.2185668945312,12.958333015441895,9.029287338256836,25.972917556762695,0.3448333740234375,137.9166717529297,2.0,24.722917556762695,0.0,3.921118974685669
71.62835617706288,23.78795542396355,1,0,2202,1385,3,22,26.0,45.02743911743164,5.9041666984558105,1012.2587280273438,33.79166793823242,9.888447761535645,21.383333206176758,0.02879166603088379,97.54166412353516,3.0,19.316665649414062,0.0,4.027848243713379
91.19110345062786,23.5866031653137,9,0,7738,5724,11,41,16.0,87.9708480834961,25.552749633789062,1000.7687377929688,99.70833587646484,7.129180908203125,28.861083984375,0.49629172682762146,141.2916717529297,63.0,27.85691261291504,7.0,4.052488327026367
74.52464888440157,27.719128640915137,10,0,2765,1749,5,30,319.0,35.02317810058594,11.619000434875488,973.857421875,46.45833206176758,14.996785163879395,31.758583068847656,0.029374999925494194,146.5416717529297,3.0,29.47316551208496,0.0,7.035130500793457
76.90422532488137,27.10210554265603,10,0,3190,1863,9,39,235.0,48.575042724609375,14.275749206542969,980.6593627929688,0.125,8.019074440002441,27.834083557128906,0.18720833957195282,160.75,0.0,26.565332412719727,0.0,5.087411880493164
73.22466423946867,26.959211769747206,4,0,1780,1179,2,13,313.0,20.85033416748047,6.224833011627197,972.6519165039062,48.45833206176758,7.904167175292969,35.401920318603516,0.025499999523162842,156.0,3.0,32.301918029785156,0.0,7.077121734619141
74.99917255440663,28.265531383318162,11,0,2057,1330,2,20,296.0,74.57343292236328,12.643750190734863,980.363525390625,18.79166603088379,9.776665687561035,20.297916412353516,0.049416664987802505,86.0,2.0,17.51458168029785,0.0,2.518676280975342
74.44466077243844,22.46326127622793,8,0,994,985,15,55,324.0,93.28263092041016,23.77116584777832,966.0065307617188,100.0,16.677658081054688,25.635751724243164,0.5085833072662354,5.166666507720947,63.0,24.969083786010742,17.299999237060547,1.7518701553344727
73.07235368102512,23.396306485097607,1,0,6762,4561,8,54,120.0,50.058929443359375,5.06125020980835,1003.4733276367188,0.0,16.33115577697754,17.382083892822266,0.16179166734218597,150.7083282470703,0.0,15.85291576385498,0.0,4.14382791519165
92.64492227343187,11.948083673225476,1,0,9107,4642,49,87,178.0,78.11274719238281,19.413999557495117,993.6726684570312,40.58333206176758,10.813128471374512,24.58066749572754,0.15183334052562714,177.7916717529297,3.0,23.564002990722656,0.0,3.8740134239196777
72.37325981246588,24.13442709098938,7,0,3544,2757,11,44,186.0,68.69960021972656,23.922164916992188,975.9755249023438,76.91666412353516,13.619303703308105,34.232582092285156,0.15187500417232513,97.91666412353516,51.0,30.682584762573242,0.20000000298023224,5.010976314544678
71.15520772950201,25.424852810953528,9,0,3175,2291,2,14,186.0,75.20162200927734,24.69008445739746,982.10205078125,43.0,10.788925170898438,32.76091384887695,0.05416666343808174,168.2083282470703,51.0,29.85466766357422,0.5,4.983612537384033
71.76434007788055,26.3632750635328,4,0,1114,808,2,14,234.0,16.87725830078125,5.033166408538818,979.29296875,0.0,16.6689510345459,37.69150161743164,0.022833332419395447,190.625,0.0,35.62274932861328,0.0,10.80945873260498
86.33636257234096,24.807215236228934,8,0,7827,6394,11,43,116.0,78.168701171875,25.37158203125,991.11767578125,95.375,7.6658477783203125,30.417417526245117,0.3177500069141388,148.4583282470703,51.0,29.748666763305664,0.30000001192092896,4.498617649078369
74.46693308635433,29.00337224992636,10,0,4730,3662,7,42,185.0,36.01545333862305,11.192082405090332,989.505859375,8.0,9.617030143737793,31.617082595825195,0.03099999763071537,147.375,1.0,29.075416564941406,0.0,5.822163105010986
76.3596466072115,24.143424612269673,11,0,4700,2234,3,26,385.0,48.226043701171875,8.39091682434082,972.7438354492188,99.33333587646484,8.341469764709473,23.134666442871094,0.24000000953674316,114.16666412353516,3.0,20.593000411987305,0.0,3.797106981277466
79.48410194500782,27.111061863228045,11,0,4538,2940,4,28,147.0,65.98725891113281,10.285667419433594,995.106689453125,0.0,8.604813575744629,18.548166275024414,0.26112499833106995,119.79166412353516,0.0,17.081501007080078,0.0,2.922938108444214
87.37291009492112,25.545879958748905,7,0,5553,3562,20,65,34.0,75.82040405273438,25.9012508392334,993.8130493164062,53.125,12.284342765808105,31.78041648864746,0.28600001335144043,158.7083282470703,61.0,30.817916870117188,2.799999713897705,5.082106590270996
74.8531197193675,35.1614230596813,6,0,-12,-19,1,6,4048.0,75.37938690185547,-0.9866666793823242,628.8263549804688,83.0,3.60010027885437,-1.7325000762939453,0.4285416603088379,150.4583282470703,75.0,3.08416748046875,12.100001335144043,3.7461423873901367
77.43849984287802,26.70030593339264,6,0,2324,1613,3,17,258.0,52.28125,20.854249954223633,969.8346557617188,41.33333206176758,10.082932472229004,35.61674880981445,0.1548749953508377,118.75,3.0,32.727169036865234,0.0,5.993177890777588
76.59367855076673,26.495044263086005,7,0,4668,3313,1,6,252.0,68.77826690673828,24.14116668701172,968.3577270507812,28.20833396911621,12.979464530944824,31.430749893188477,0.359708309173584,148.125,63.0,30.603666305541992,4.5,5.677966117858887
75.53926365498961,34.472737922959936,7,0,3374,1456,7,33,3824.0,68.90736389160156,5.549417018890381,653.744384765625,28.54166603088379,5.34861946105957,16.716083526611328,0.11370833963155746,217.9583282470703,51.0,11.576499938964844,0.5,4.51721715927124
76.32078328099772,33.45025934659808,12,0,2995,1674,4,33,3785.0,69.21509552001953,-12.66116714477539,643.3710327148438,80.91666412353516,4.991611003875732,1.099250078201294,0.28299999237060547,4.958333492279053,73.0,-7.886167049407959,0.0,0.8189258575439453
74.47227317661934,35.88248780515932,8,0,7237,4469,16,62,1449.0,59.24203872680664,15.251750946044922,859.6653442382812,65.125,2.451709508895874,26.499664306640625,0.25724998116493225,164.875,63.0,24.30175018310547,8.300000190734863,4.515470027923584
74.12028863041094,27.814912229690957,12,0,3564,2241,3,25,319.0,68.76915740966797,8.815083503723145,977.7462768554688,49.0,7.1625823974609375,15.819249153137207,0.053458333015441895,100.20833587646484,3.0,15.273417472839355,0.0,2.382241725921631
71.85673223145199,25.89283761186442,2,0,1498,1062,2,13,142.0,25.506906509399414,-4.437833309173584,993.482421875,0.0,12.720661163330078,19.03508186340332,0.0029999997932463884,155.3333282470703,0.0,18.232999801635742,0.0,5.440957069396973
92.87749579812524,12.771323830524963,3,0,8361,4454,62,89,87.0,73.0658187866211,21.73183250427246,998.3263549804688,72.45833587646484,6.163777828216553,27.473501205444336,0.16712503135204315,242.9583282470703,3.0,27.460996627807617,0.0,5.333741188049316
88.63383742008187,22.760509143162995,12,0,5534,3301,12,55,10.0,73.6869888305664,17.40833282470703,1015.1357421875,32.75,3.885565757751465,23.15625,0.22458332777023315,83.54166412353516,3.0,22.78125,0.0,2.467931032180786
74.27315851842462,34.371889019914164,9,0,5894,3133,17,61,1648.0,67.7398910522461,12.821666717529297,829.8792114257812,24.08333396911621,4.561113357543945,19.482084274291992,0.31299999356269836,184.6666717529297,51.0,19.419580459594727,0.20000000298023224,4.171422958374023
74.40519329353828,26.925698618352612,12,0,2434,1567,3,22,356.0,60.37369155883789,5.639916896820068,979.2356567382812,16.5,12.569538116455078,16.762834548950195,0.15141667425632477,89.625,2.0,13.7128324508667,0.0,2.8512463569641113
74.53162575697432,36.31248040957941,12,0,711,493,1,9,3789.0,31.204748153686523,-21.665084838867188,645.1560668945312,95.20833587646484,3.435622215270996,-7.471333980560303,0.23799999058246613,89.95833587646484,71.0,-6.738000392913818,0.0,1.104079008102417
73.95313313136218,27.352908978134707,3,0,1656,1100,2,13,298.0,35.436492919921875,7.539333343505859,984.0886840820312,23.54166603088379,8.662165641784668,28.095582962036133,0.028708331286907196,159.2916717529297,3.0,25.310171127319336,0.0,5.540684223175049
75.70886694050425,11.732382337361157,3,0,7013,4085,24,66,57.0,57.240081787109375,17.45941734313965,1002.1934204101562,93.33333587646484,8.402016639709473,27.465667724609375,0.3356666564941406,220.2083282470703,3.0,27.04691505432129,0.0,5.824160575866699
92.83519715489412,13.200572490889643,1,0,9414,4978,68,91,43.0,79.25147247314453,21.88275146484375,1008.7610473632812,46.25,13.15677261352539,27.463998794555664,0.15658335387706757,157.9583282470703,3.0,25.988998413085938,0.0,3.9398691654205322
85.53216504547795,26.61242457573523,3,0,4028,2442,10,49,64.0,62.92877197265625,16.24591636657715,1003.3319702148438,14.291666984558105,7.088155269622803,25.800085067749023,0.1432916671037674,147.9166717529297,51.0,24.51258087158203,0.7000000476837158,4.439935684204102
76.8556793653621,20.882556281463874,10,0,5765,3923,22,69,250.0,84.78727722167969,23.87766456604004,977.0054321289062,81.25,8.734071731567383,28.300582885742188,0.367333322763443,108.45833587646484,61.0,26.783920288085938,2.6000001430511475,3.363569498062134
74.45015461392242,25.53680262511295,1,0,3798,2331,5,34,472.0,67.70438385009766,6.200833797454834,962.9027709960938,33.04166793823242,5.8200249671936035,15.586250305175781,0.14100000262260437,122.08333587646484,3.0,13.154999732971191,0.0,2.7016420364379883
75.74073770410915,28.23550087649582,6,0,3161,1834,2,13,305.0,74.7416000366211,25.029664993286133,966.4284057617188,92.54166412353516,9.296050071716309,32.66091537475586,0.18274998664855957,43.08333206176758,63.0,30.144254684448242,5.799999713897705,3.426396608352661
72.41939626429406,27.085697460582164,9,0,4604,3582,5,25,258.0,81.00086212158203,24.8836669921875,975.4658203125,25.45833396911621,10.157294273376465,30.05449867248535,0.1782916784286499,149.8333282470703,51.0,28.685747146606445,0.20000000298023224,4.482818603515625
73.87201767683791,26.536371530209674,9,0,6279,4749,9,37,299.0,58.23198318481445,20.964248657226562,974.00830078125,2.875,8.280022621154785,32.04549789428711,0.1770833283662796,175.5416717529297,0.0,30.63091468811035,0.0,5.721749305725098
73.31246923045295,26.97440977216345,7,0,1860,1338,2,13,315.0,60.00288009643555,24.0349178314209,964.5110473632812,79.41666412353516,10.376445770263672,34.88283157348633,0.11770833283662796,101.04166412353516,61.0,32.9744987487793,2.299999952316284,5.601443290710449
84.8939904907038,22.604893877305226,6,0,5022,3520,9,46,463.0,74.39031219482422,24.38075065612793,951.339599609375,91.95833587646484,11.792021751403809,30.70783233642578,0.2958333194255829,169.25,3.0,29.605751037597656,0.0,5.364791393280029
70.32980586685184,26.033087460667854,9,0,3620,2603,9,42,84.0,63.24190902709961,23.018417358398438,998.3297729492188,15.958333015441895,10.069951057434082,36.787166595458984,0.0377916656434536,147.625,53.0,31.360076904296875,0.6000000238418579,5.181832313537598
75.77116577084384,35.41089015775099,10,0,1534,295,1,9,3961.0,66.7266616821289,-10.992500305175781,634.4780883789062,86.875,4.709621906280518,-0.8758335113525391,0.10870832949876785,58.83333206176758,71.0,-5.602917194366455,0.0,1.3781864643096924
74.17300924436353,25.47724949141385,9,0,5789,3443,14,51,530.0,75.99834442138672,21.73966407775879,950.7820434570312,80.625,6.977532863616943,28.472999572753906,0.21666668355464935,103.83333587646484,51.0,26.63550567626953,0.4000000059604645,3.8413431644439697
85.44082551424103,26.010222967392544,2,0,7809,5555,16,62,49.0,73.18403625488281,12.916081428527832,1007.6322631835938,16.66666603088379,7.536222457885742,18.643165588378906,0.15195833146572113,137.9166717529297,3.0,18.364002227783203,0.0,3.1717307567596436
77.58321771464949,26.65444028871072,2,0,6737,4671,8,47,207.0,76.8501968383789,11.208250999450684,986.6985473632812,0.0,9.103732109069824,16.224916458129883,0.28991666436195374,149.125,0.0,15.612419128417969,0.0,3.010321855545044
86.33609756691047,23.340610128707926,11,0,4072,2346,11,48,246.0,60.42427444458008,10.766583442687988,988.7539672851562,0.0416666679084301,8.665553092956543,21.229082107543945,0.16575001180171967,138.2916717529297,0.0,19.59366798400879,0.0,3.5741961002349854
75.66999602461301,11.825892811067414,11,0,8719,4745,1,5,126.0,86.2392807006836,23.383499145507812,996.0651245117188,49.95833206176758,4.347286701202393,26.500165939331055,0.4599583148956299,162.9583282470703,61.0,26.075164794921875,2.4000000953674316,3.753167152404785
88.1811118741454,27.919808362042726,11,0,45,27,1,7,5396.0,54.9505729675293,-16.830415725708008,531.4885864257812,5.041666507720947,6.4943766593933105,-3.6345832347869873,0.2475833296775818,195.0,0.0,-9.18458366394043,0.0,1.8879908323287964
74.63499382076694,33.51254750677066,9,0,1027,554,1,6,4072.0,84.65726470947266,-0.10474995523691177,627.9442749023438,37.45833206176758,4.5478596687316895,6.363999843597412,0.3725416660308838,173.6666717529297,53.0,2.3535830974578857,2.299999952316284,2.450049638748169
74.5675756551614,25.7517562611334,11,0,3285,1889,4,33,420.0,49.81013870239258,10.327667236328125,965.3450317382812,0.0,4.3878254890441895,22.806833267211914,0.2679166793823242,143.0,0.0,22.038084030151367,0.0,3.524691343307495
75.28604813495082,27.2876136718349,6,0,2015,1332,2,13,424.0,54.42133712768555,18.469167709350586,955.8087768554688,20.875,8.582534790039062,31.85041618347168,0.16691666841506958,128.6666717529297,2.0,29.18791389465332,0.0,5.589256286621094
74.56936025068278,27.67436042753533,1,0,1978,1177,2,21,334.0,35.48112869262695,-6.41058349609375,978.300537109375,0.0,6.341169834136963,12.283167839050293,0.028999999165534973,132.0833282470703,0.0,10.154000282287598,0.0,2.924671173095703
74.87618951523312,28.729378720186993,5,0,1322,908,2,14,229.0,20.513151168823242,11.026832580566406,973.9806518554688,2.375,12.559398651123047,41.274749755859375,0.02291666716337204,148.7083282470703,0.0,38.531002044677734,0.0,9.72959041595459
71.63154628725623,25.625271172502583,3,0,1398,1025,2,11,150.0,41.107479095458984,10.53066635131836,996.5452270507812,11.416666984558105,10.333980560302734,29.9598331451416,0.03074999898672104,167.375,3.0,26.376501083374023,0.0,6.153498649597168
78.1303107682497,12.073509983500664,7,0,4875,2724,7,35,478.0,72.14234161376953,21.303333282470703,953.1552124023438,57.375,6.6328206062316895,29.336668014526367,0.2841250002384186,191.9583282470703,53.0,27.057497024536133,1.2000000476837158,4.965644359588623
85.40057278728725,26.60210765073827,2,0,6421,3905,14,58,62.0,72.94415283203125,9.1899995803833,1010.6359252929688,0.0,8.34794807434082,15.935833930969238,0.1704999953508377,154.75,0.0,14.742085456848145,0.0,3.170426845550537
73.88420325103534,27.563567244933594,4,0,1476,934,2,11,306.0,34.807640075683594,7.929333209991455,975.2492065429688,15.708333015441895,13.82343578338623,28.78766632080078,0.0338749997317791,180.1666717529297,2.0,26.310585021972656,0.0,7.190671920776367
72.5078866346712,25.270278169547055,2,0,2523,1697,4,23,163.0,31.982519149780273,0.9570000767707825,995.4534301757812,0.0416666679084301,7.10338830947876,19.906999588012695,0.18245834112167358,179.4166717529297,0.0,18.752836227416992,0.0,4.858191013336182
75.28287919628156,12.3974816556808,4,0,7513,4559,22,57,248.0,80.4533462524414,24.00516700744629,982.07861328125,17.83333396911621,4.650747299194336,30.63224983215332,0.37195834517478943,154.4583282470703,53.0,27.967660903930664,1.3000000715255737,4.442960739135742
71.46958674180965,25.714162450192262,10,0,2025,1528,3,17,154.0,27.0499324798584,7.6875,986.6257934570312,0.9583333134651184,7.4181227684021,33.33958435058594,0.029583334922790527,175.6666717529297,0.0,30.345834732055664,0.0,5.972079753875732
78.1931139830601,12.345628414290596,4,0,3852,1974,5,27,490.0,64.88500213623047,20.13958168029785,956.9345092773438,48.04166793823242,7.143467426300049,31.668752670288086,0.15170831978321075,154.6666717529297,63.0,28.070837020874023,5.300000190734863,4.683167457580566
75.82094457704683,28.527559021126518,4,0,2086,1335,4,21,252.0,33.77363204956055,10.400416374206543,978.6005859375,11.166666984558105,11.551692008972168,31.304582595825195,0.0702499970793724,163.875,1.0,28.667085647583008,0.0,7.235840797424316
75.22452812365579,33.662474898199754,4,0,5965,3566,6,35,1701.0,61.98097610473633,5.304749965667725,831.2000122070312,67.91666412353516,3.6705267429351807,11.363083839416504,0.3240000009536743,223.625,61.0,12.633914947509766,2.4000000953674316,4.197337627410889
92.90422527978399,13.161595313498594,4,0,8320,4653,60,90,148.0,80.87064361572266,24.5294132232666,992.9918823242188,72.25,7.8990044593811035,31.121084213256836,0.12162499874830246,252.2083282470703,3.0,28.441917419433594,0.0,5.539369583129883
75.06738229421718,26.041731273110596,3,0,2704,1667,4,21,360.0,49.1729736328125,11.560417175292969,970.1422729492188,20.75,7.594217777252197,25.23333168029785,0.14629165828227997,171.25,3.0,23.208335876464844,0.0,4.992269992828369
88.46437655313387,21.98849594439415,5,0,3938,2494,5,22,2.0,77.02948760986328,26.021331787109375,1002.3994140625,59.16666793823242,17.917083740234375,32.33175277709961,0.281333327293396,50.45833206176758,51.0,30.629663467407227,1.3000000715255737,4.3264336585998535
92.91754644469789,12.491693556309322,7,0,5286,6034,6,26,3.0,84.555419921875,24.768667221069336,1004.7077026367188,90.875,25.925697326660156,27.235334396362305,0.41479167342185974,114.83333587646484,53.0,27.65825080871582,5.800000190734863,3.923396348953247
77.2633815322415,26.441186813844244,5,0,2257,1350,3,18,304.0,26.393592834472656,11.314000129699707,962.0014038085938,12.541666984558105,12.857924461364746,36.07650375366211,0.11775001138448715,150.125,1.0,34.195247650146484,0.0,8.602731704711914
88.56223953706193,27.80749495450348,12,0,7029,2428,13,57,3693.0,40.870819091796875,-17.211750030517578,651.4679565429688,11.125,6.332454681396484,4.85699987411499,0.3800833225250244,149.9166717529297,2.0,-3.5971667766571045,0.0,2.2185022830963135
76.02545013803599,11.150057200708009,5,0,5972,3914,19,60,38.0,93.79702758789062,24.669580459594727,1004.0651245117188,99.91666412353516,4.337737560272217,27.040414810180664,0.5085416436195374,18.54166603088379,65.0,25.773752212524414,45.400001525878906,1.9020296335220337
76.66601776900387,10.355923018977581,9,0,8069,5113,1,6,742.0,97.2441635131836,20.5661678314209,928.3759765625,94.125,7.287180423736572,21.526582717895508,0.49658334255218506,52.5,53.0,21.032833099365234,7.300000190734863,2.2204208374023438
73.8420384102309,27.635754472923296,4,0,1431,944,2,13,329.0,16.83438491821289,2.784250259399414,966.8092651367188,16.79166603088379,11.131815910339355,34.827999114990234,0.023083334788680077,180.75,1.0,32.33425521850586,0.0,8.469974517822266
76.19644636866624,28.154644708711277,8,0,3737,2762,10,41,286.0,62.145172119140625,24.33099937438965,961.9163208007812,24.66666603088379,8.744185447692871,33.999752044677734,0.2123750001192093,136.4583282470703,51.0,32.97267150878906,0.8000000715255737,5.39048957824707
75.05407102378351,28.304178316944657,5,0,1746,1142,2,13,293.0,16.339494705200195,5.243750095367432,969.9600219726562,1.3333333730697632,13.332768440246582,37.99583435058594,0.025583332404494286,172.8333282470703,1.0,35.73750305175781,0.0,9.775583267211914
75.05336312491619,26.854651275195035,3,0,2434,1712,3,22,374.0,50.87528991699219,7.926666259765625,970.0018920898438,33.83333206176758,8.54964828491211,21.80375099182129,0.04883332923054695,182.25,3.0,19.257917404174805,0.0,4.791337490081787
73.93222918792482,25.882541521473286,11,0,4058,2405,7,38,361.0,55.7210693359375,13.761333465576172,971.232666015625,14.208333015441895,10.831620216369629,24.540502548217773,0.1420000046491623,100.29166412353516,1.0,23.767580032348633,0.0,3.9695260524749756
74.34771777954849,27.514640331281342,11,0,2581,1687,3,20,335.0,49.11323165893555,8.378666877746582,976.3053588867188,65.16666412353516,12.979105949401855,21.178667068481445,0.05645833536982536,60.20833206176758,51.0,19.782833099365234,0.10000000149011612,3.5988802909851074
73.7826075766697,36.01614296707948,5,0,699,734,2,12,4246.0,66.42880249023438,-4.106083393096924,618.156005859375,18.91666603088379,3.1062848567962646,-0.6394166946411133,0.42112502455711365,283.625,71.0,1.5709999799728394,0.0,3.959527015686035
77.4641842887976,34.582125069026894,11,0,3068,1141,1,8,3167.0,23.687902450561523,-14.05916690826416,698.0476684570312,58.04166793823242,2.2473456859588623,1.809583306312561,0.4309999942779541,61.375,3.0,5.0991668701171875,0.0,1.908424973487854
70.95875047012214,25.315123126492434,6,0,1761,1260,2,13,161.0,56.31552505493164,23.00874900817871,982.8271484375,31.04166603088379,27.359962463378906,37.09416580200195,0.027291664853692055,109.625,3.0,33.55458068847656,0.0,8.438715934753418
96.87925740363508,27.52410899249868,12,0,8134,1762,12,64,2299.0,77.43939208984375,0.5848333835601807,771.8375854492188,68.54166412353516,3.834569215774536,6.2223334312438965,0.16316667199134827,60.625,3.0,4.491082668304443,0.0,1.3740012645721436
72.30359055749744,26.225373374744887,7,0,3613,2493,4,21,210.0,78.75688934326172,26.103750228881836,975.6481323242188,64.58333587646484,9.087403297424316,32.464168548583984,0.13516665995121002,130.6666717529297,65.0,30.53082847595215,21.200000762939453,4.8801164627075195
74.82802788705418,35.47315771727346,10,0,1871,869,2,11,3690.0,56.348541259765625,-9.164583206176758,652.8648071289062,36.33333206176758,2.279608964920044,1.7645832300186157,0.20929165184497833,129.625,71.0,-1.225000023841858,0.0,1.8421485424041748
74.84903731884405,33.53988331093878,1,0,-218,-184,1,4,3212.0,47.37004089355469,-13.911334037780762,688.554931640625,73.41666412353516,1.8182281255722046,-2.748833417892456,0.37549999356269836,66.79166412353516,3.0,-4.119666576385498,0.0,1.173046588897705
71.54040552801169,25.361955257308875,11,0,2856,1869,4,34,93.0,42.80720901489258,10.169833183288574,1002.4931640625,0.3333333432674408,4.21093225479126,24.7844181060791,0.08437500149011612,133.125,0.0,24.436500549316406,0.0,3.589282751083374
77.06952345746555,8.462090859891964,12,0,7942,5409,27,71,78.0,76.83956146240234,21.158416748046875,1001.4152221679688,39.58333206176758,5.161910533905029,25.429250717163086,0.414374977350235,173.75,51.0,25.789663314819336,0.4000000059604645,4.023135662078857
73.18660704998615,25.953331557114673,8,0,2581,2211,3,19,196.0,76.45732879638672,23.758583068847656,983.5172729492188,68.25,16.551340103149414,28.9689998626709,0.16775000095367432,95.0,51.0,28.462751388549805,0.30000001192092896,4.628115177154541
75.40036756963688,27.872879015786836,2,0,5166,3280,11,53,398.0,50.41337966918945,4.039249897003174,972.27197265625,0.0,7.6909942626953125,15.112167358398438,0.0715833306312561,151.0,0.0,15.180916786193848,0.0,3.585507869720459
73.31001936649045,26.64432845732348,11,0,2958,1901,5,31,298.0,44.7495231628418,11.432583808898926,981.0084838867188,94.04166412353516,6.7979302406311035,25.77008628845215,0.03987500071525574,118.66666412353516,3.0,25.39716339111328,0.0,4.16899299621582
75.51298672980596,26.505079976103108,9,0,4123,2697,12,50,307.0,82.50775146484375,23.362167358398438,968.2939453125,97.75,9.257580757141113,28.33716583251953,0.27699998021125793,73.75,63.0,26.82258415222168,9.600000381469727,3.461322784423828
72.63009113477393,25.025438532144083,6,0,2062,1317,3,13,210.0,45.773983001708984,19.90716552734375,977.9192504882812,0.3333333432674408,19.139236450195312,36.0446662902832,0.14612500369548798,186.875,0.0,33.85717010498047,0.0,8.962944984436035
72.893758910409,24.07104527956207,2,0,5337,3594,7,39,233.0,36.72908020019531,6.468250274658203,984.9988403320312,24.20833396911621,7.868658065795898,23.586997985839844,0.12700000405311584,151.5,3.0,22.549497604370117,0.0,4.938847541809082
71.70186875989168,26.217596173006235,10,0,2188,1349,3,14,208.0,50.60419845581055,15.068333625793457,988.3562622070312,0.0,9.354035377502441,29.434999465942383,0.0403333343565464,166.875,0.0,27.228750228881836,0.0,5.4306230545043945
79.90476970289198,25.442419324281452,7,0,3948,2682,5,25,146.0,78.44155883789062,25.134916305541992,984.3594360351562,93.75,12.585983276367188,31.020334243774414,0.33395829796791077,134.7083282470703,61.0,29.42241668701172,2.799999713897705,4.94077730178833
73.91213040623047,25.051587561231333,6,0,3213,2230,7,33,533.0,26.95192527770996,13.3323335647583,945.0964965820312,6.916666507720947,15.423751831054688,39.01358413696289,0.12999999523162842,161.0416717529297,1.0,36.788578033447266,0.0,9.726818084716797
87.63081989656493,26.08441628492286,4,0,6176,4206,22,70,47.0,53.615325927734375,16.555665969848633,1005.9745483398438,32.45833206176758,11.983981132507324,29.524415969848633,0.156208336353302,168.9166717529297,3.0,27.57025146484375,0.0,5.833032131195068
74.13306629823556,25.871588825755975,1,0,3324,1719,3,27,535.0,68.04843139648438,3.961583137512207,954.8945922851562,6.0,8.910709381103516,12.476166725158691,0.20995831489562988,136.4583282470703,1.0,10.097000122070312,0.0,2.5064167976379395
74.54608938286054,27.67256594615285,9,0,5976,3893,7,31,326.0,62.29594802856445,19.074748992919922,968.3196411132812,2.1666667461395264,14.613936424255371,30.070581436157227,0.047208335250616074,184.5,0.0,27.42891502380371,0.0,5.946324348449707
75.71326766851539,11.742667765788767,6,0,8228,6084,5,23,68.0,91.5134048461914,24.243913650512695,1001.8248901367188,95.29166412353516,4.8177032470703125,26.060583114624023,0.5010833740234375,90.91666412353516,61.0,25.852249145507812,8.800000190734863,3.378150701522827
74.9880324039855,26.419284362832666,3,0,2249,1563,3,18,389.0,14.853129386901855,1.377500057220459,961.97314453125,0.0,21.189451217651367,32.25666427612305,0.14754165709018707,208.4166717529297,0.0,32.31916427612305,0.0,11.333303451538086
73.42473903304412,29.07491685028836,6,0,947,696,2,10,166.0,30.93653678894043,15.922083854675293,979.42578125,0.0,23.594087600708008,39.1470832824707,0.014333333820104599,154.4583282470703,0.0,36.77207946777344,0.0,11.302017211914062
84.90203884142166,24.61704412118006,4,0,3504,1766,6,30,144.0,18.775684356689453,6.394667148590088,986.6111450195312,19.0,14.74742603302002,35.271751403808594,0.13699999451637268,202.6666717529297,1.0,34.56966018676758,0.0,10.115318298339844
87.1014014033146,24.85585770794331,2,0,3971,2240,7,36,80.0,51.12099838256836,12.153915405273438,998.1657104492188,0.0,9.831892013549805,22.83099937438965,0.28962498903274536,177.5416717529297,0.0,23.58099937438965,0.0,5.177090644836426
75.45921042340962,35.92422936992126,8,0,3146,2237,3,14,4252.0,62.01967239379883,-0.4559166729450226,619.17041015625,37.0,6.920996189117432,10.198249816894531,0.14279167354106903,221.5833282470703,3.0,6.660749435424805,0.0,4.291805744171143
73.42074540436815,26.790272205946483,2,0,2356,1519,3,30,323.0,42.335567474365234,-1.2979999780654907,979.59619140625,0.25,6.574564456939697,15.55199909210205,0.1538333296775818,148.4166717529297,0.0,12.479084014892578,0.0,3.464510917663574
72.28151314978342,24.81798318148031,10,0,4411,2993,12,48,232.0,67.38339233398438,20.0538330078125,983.8212280273438,1.5833333730697632,11.705337524414062,28.024667739868164,0.18633334338665009,179.4583282470703,1.0,26.83925437927246,0.0,4.973293781280518
70.20374053215289,26.398998303416956,8,0,3281,2108,10,42,101.0,67.80863189697266,24.075332641601562,990.9736938476562,58.08333206176758,14.89694881439209,33.80866622924805,0.05525000020861626,157.6666717529297,3.0,31.067001342773438,0.0,6.06245231628418
74.49436504993753,33.98450459668049,4,0,4968,3349,39,86,2983.0,33.08966827392578,-9.67549991607666,714.1463012695312,0.2916666567325592,3.590315580368042,5.245333194732666,0.39529165625572205,270.8333435058594,0.0,6.607833385467529,0.0,4.267756462097168
84.76031414942254,19.559946183549464,10,0,7991,4775,10,48,29.0,80.27141571044922,22.234582901000977,1008.8193969726562,11.791666984558105,6.643383502960205,27.56166648864746,0.3489999771118164,170.375,51.0,26.251245498657227,0.10000000149011612,4.084700107574463
76.68350292497004,27.166051375244194,3,0,5557,3564,10,53,273.0,81.0261459350586,15.775668144226074,979.1965942382812,70.75,9.895870208740234,20.150667190551758,0.24554164707660675,61.79166793823242,63.0,19.419416427612305,11.200000762939453,2.61773943901062
74.55243088756826,27.27396624298523,9,0,5371,3639,3,20,353.0,52.85816955566406,19.8075008392334,968.4396362304688,7.125,8.540518760681152,34.94291687011719,0.035999998450279236,171.9166717529297,1.0,31.440826416015625,0.0,6.029670238494873
75.8815752021694,26.30300475893705,5,0,2166,1495,3,17,295.0,24.39952850341797,9.219249725341797,971.8881225585938,20.5,10.548591613769531,34.2130012512207,0.1418749839067459,162.2083282470703,2.0,33.519248962402344,0.0,8.151922225952148
78.85944755765372,27.584056673414253,1,0,6357,4298,6,45,159.0,84.5093994140625,13.592415809631348,996.1813354492188,62.91666793823242,9.075791358947754,15.563250541687012,0.2528750002384186,59.25,61.0,16.350749969482422,5.299999713897705,1.6967521905899048
73.80235281188962,36.220621156692644,8,0,1962,1012,4,19,3272.0,36.27397155761719,4.011833667755127,694.5402221679688,57.54166793823242,2.070338010787964,24.207666397094727,0.022708334028720856,187.8333282470703,3.0,20.013916015625,0.0,4.469841957092285
70.96265560287077,26.093054396942257,11,0,1538,1106,2,15,256.0,64.3459701538086,10.916583061218262,985.6524047851562,36.79166793823242,18.571306228637695,20.414499282836914,0.03420833498239517,81.04166412353516,3.0,18.074918746948242,0.0,3.3771262168884277
76.77396717374398,27.261469606938274,11,0,6394,4138,7,48,253.0,53.74508285522461,8.384166717529297,985.6741333007812,0.0,10.026082992553711,19.838333129882812,0.21050000190734863,123.83333587646484,0.0,18.444581985473633,0.0,3.6430883407592773
75.58000958212244,35.03014803081465,10,0,1948,990,2,11,4338.0,31.5366153717041,-17.231168746948242,606.3800659179688,0.1666666716337204,10.474658966064453,0.4709167182445526,0.1470833271741867,208.1666717529297,0.0,-1.8540836572647095,0.0,2.8724868297576904
70.84485287039163,25.510685521803094,2,0,1700,1167,2,15,194.0,52.817569732666016,10.326583862304688,990.1087036132812,0.0,10.298908233642578,24.041168212890625,0.028999999165534973,150.5833282470703,0.0,21.5640811920166,0.0,4.520305156707764
82.4588311418838,25.90978434241363,10,0,4042,2688,8,33,87.0,70.76818084716797,15.824417114257812,1004.6726684570312,0.5,5.146185398101807,23.713998794555664,0.24145834147930145,144.625,0.0,21.868165969848633,0.0,3.360311508178711
77.59408202659053,26.708230948482587,10,0,4505,2887,9,38,188.0,45.73551559448242,13.579666137695312,987.8112182617188,30.45833396911621,8.100963592529297,28.410917282104492,0.16120833158493042,174.6666717529297,3.0,27.415084838867188,0.0,5.530981063842773
